-5; 2.80581
-4.99667; 2.79409
-4.99333; 2.78242
-4.99; 2.77082
-4.98666; 2.75929
-4.98333; 2.74781
-4.97999; 2.7364
-4.97666; 2.72504
-4.97332; 2.71375
-4.96999; 2.70252
-4.96666; 2.69135
-4.96332; 2.68023
-4.95999; 2.66918
-4.95665; 2.65819
-4.95332; 2.64725
-4.94998; 2.63637
-4.94665; 2.62556
-4.94331; 2.61479
-4.93998; 2.60409
-4.93665; 2.59344
-4.93331; 2.58285
-4.92998; 2.57231
-4.92664; 2.56184
-4.92331; 2.55141
-4.91997; 2.54104
-4.91664; 2.53073
-4.9133; 2.52047
-4.90997; 2.51027
-4.90664; 2.50012
-4.9033; 2.49002
-4.89997; 2.47998
-4.89663; 2.46998
-4.8933; 2.46005
-4.88996; 2.45016
-4.88663; 2.44033
-4.88329; 2.43054
-4.87996; 2.42081
-4.87663; 2.41113
-4.87329; 2.4015
-4.86996; 2.39192
-4.86662; 2.38239
-4.86329; 2.37291
-4.85995; 2.36348
-4.85662; 2.3541
-4.85328; 2.34477
-4.84995; 2.33549
-4.84662; 2.32625
-4.84328; 2.31706
-4.83995; 2.30792
-4.83661; 2.29883
-4.83328; 2.28979
-4.82994; 2.28079
-4.82661; 2.27183
-4.82327; 2.26293
-4.81994; 2.25407
-4.81661; 2.24525
-4.81327; 2.23648
-4.80994; 2.22776
-4.8066; 2.21908
-4.80327; 2.21044
-4.79993; 2.20185
-4.7966; 2.1933
-4.79326; 2.1848
-4.78993; 2.17634
-4.7866; 2.16792
-4.78326; 2.15954
-4.77993; 2.15121
-4.77659; 2.14292
-4.77326; 2.13467
-4.76992; 2.12646
-4.76659; 2.1183
-4.76325; 2.11017
-4.75992; 2.10209
-4.75659; 2.09404
-4.75325; 2.08604
-4.74992; 2.07807
-4.74658; 2.07015
-4.74325; 2.06227
-4.73991; 2.05442
-4.73658; 2.04661
-4.73324; 2.03885
-4.72991; 2.03112
-4.72658; 2.02342
-4.72324; 2.01577
-4.71991; 2.00815
-4.71657; 2.00057
-4.71324; 1.99303
-4.7099; 1.98553
-4.70657; 1.97806
-4.70323; 1.97063
-4.6999; 1.96323
-4.69657; 1.95587
-4.69323; 1.94855
-4.6899; 1.94126
-4.68656; 1.934
-4.68323; 1.92678
-4.67989; 1.9196
-4.67656; 1.91245
-4.67322; 1.90533
-4.66989; 1.89825
-4.66656; 1.8912
-4.66322; 1.88418
-4.65989; 1.8772
-4.65655; 1.87025
-4.65322; 1.86334
-4.64988; 1.85645
-4.64655; 1.8496
-4.64321; 1.84278
-4.63988; 1.83599
-4.63655; 1.82924
-4.63321; 1.82251
-4.62988; 1.81582
-4.62654; 1.80916
-4.62321; 1.80252
-4.61987; 1.79592
-4.61654; 1.78935
-4.6132; 1.78281
-4.60987; 1.7763
-4.60654; 1.76981
-4.6032; 1.76336
-4.59987; 1.75694
-4.59653; 1.75054
-4.5932; 1.74418
-4.58986; 1.73784
-4.58653; 1.73153
-4.58319; 1.72525
-4.57986; 1.71899
-4.57653; 1.71277
-4.57319; 1.70657
-4.56986; 1.7004
-4.56652; 1.69425
-4.56319; 1.68814
-4.55985; 1.68204
-4.55652; 1.67598
-4.55318; 1.66994
-4.54985; 1.66393
-4.54652; 1.65794
-4.54318; 1.65198
-4.53985; 1.64605
-4.53651; 1.64014
-4.53318; 1.63425
-4.52984; 1.62839
-4.52651; 1.62256
-4.52317; 1.61675
-4.51984; 1.61096
-4.51651; 1.6052
-4.51317; 1.59946
-4.50984; 1.59374
-4.5065; 1.58805
-4.50317; 1.58238
-4.49983; 1.57674
-4.4965; 1.57112
-4.49316; 1.56552
-4.48983; 1.55994
-4.4865; 1.55439
-4.48316; 1.54885
-4.47983; 1.54334
-4.47649; 1.53786
-4.47316; 1.53239
-4.46982; 1.52695
-4.46649; 1.52152
-4.46315; 1.51612
-4.45982; 1.51074
-4.45649; 1.50538
-4.45315; 1.50004
-4.44982; 1.49472
-4.44648; 1.48942
-4.44315; 1.48414
-4.43981; 1.47888
-4.43648; 1.47364
-4.43314; 1.46843
-4.42981; 1.46323
-4.42648; 1.45804
-4.42314; 1.45288
-4.41981; 1.44774
-4.41647; 1.44262
-4.41314; 1.43751
-4.4098; 1.43243
-4.40647; 1.42736
-4.40313; 1.42231
-4.3998; 1.41728
-4.39647; 1.41226
-4.39313; 1.40727
-4.3898; 1.40229
-4.38646; 1.39733
-4.38313; 1.39239
-4.37979; 1.38746
-4.37646; 1.38255
-4.37312; 1.37766
-4.36979; 1.37278
-4.36646; 1.36792
-4.36312; 1.36308
-4.35979; 1.35825
-4.35645; 1.35344
-4.35312; 1.34865
-4.34978; 1.34387
-4.34645; 1.3391
-4.34311; 1.33436
-4.33978; 1.32962
-4.33645; 1.32491
-4.33311; 1.32021
-4.32978; 1.31552
-4.32644; 1.31085
-4.32311; 1.30619
-4.31977; 1.30155
-4.31644; 1.29692
-4.3131; 1.2923
-4.30977; 1.2877
-4.30644; 1.28312
-4.3031; 1.27854
-4.29977; 1.27399
-4.29643; 1.26944
-4.2931; 1.26491
-4.28976; 1.26039
-4.28643; 1.25589
-4.28309; 1.2514
-4.27976; 1.24692
-4.27643; 1.24245
-4.27309; 1.238
-4.26976; 1.23356
-4.26642; 1.22913
-4.26309; 1.22472
-4.25975; 1.22031
-4.25642; 1.21592
-4.25308; 1.21154
-4.24975; 1.20718
-4.24642; 1.20282
-4.24308; 1.19848
-4.23975; 1.19415
-4.23641; 1.18983
-4.23308; 1.18552
-4.22974; 1.18122
-4.22641; 1.17693
-4.22307; 1.17266
-4.21974; 1.16839
-4.21641; 1.16414
-4.21307; 1.15989
-4.20974; 1.15566
-4.2064; 1.15144
-4.20307; 1.14723
-4.19973; 1.14302
-4.1964; 1.13883
-4.19306; 1.13465
-4.18973; 1.13048
-4.1864; 1.12632
-4.18306; 1.12216
-4.17973; 1.11802
-4.17639; 1.11389
-4.17306; 1.10976
-4.16972; 1.10565
-4.16639; 1.10154
-4.16305; 1.09744
-4.15972; 1.09336
-4.15639; 1.08928
-4.15305; 1.08521
-4.14972; 1.08115
-4.14638; 1.07709
-4.14305; 1.07305
-4.13971; 1.06901
-4.13638; 1.06499
-4.13304; 1.06097
-4.12971; 1.05695
-4.12638; 1.05295
-4.12304; 1.04896
-4.11971; 1.04497
-4.11637; 1.04099
-4.11304; 1.03702
-4.1097; 1.03305
-4.10637; 1.0291
-4.10303; 1.02515
-4.0997; 1.0212
-4.09637; 1.01727
-4.09303; 1.01334
-4.0897; 1.00942
-4.08636; 1.00551
-4.08303; 1.0016
-4.07969; 0.997699
-4.07636; 0.993805
-4.07302; 0.989918
-4.06969; 0.986038
-4.06636; 0.982164
-4.06302; 0.978297
-4.05969; 0.974436
-4.05635; 0.970581
-4.05302; 0.966733
-4.04968; 0.962889
-4.04635; 0.959054
-4.04301; 0.955224
-4.03968; 0.951399
-4.03635; 0.94758
-4.03301; 0.943766
-4.02968; 0.939959
-4.02634; 0.936157
-4.02301; 0.932361
-4.01967; 0.928569
-4.01634; 0.924784
-4.013; 0.921004
-4.00967; 0.917229
-4.00634; 0.913458
-4.003; 0.909694
-3.99967; 0.905934
-3.99633; 0.902179
-3.993; 0.898429
-3.98966; 0.894684
-3.98633; 0.890943
-3.98299; 0.887207
-3.97966; 0.883476
-3.97633; 0.87975
-3.97299; 0.876027
-3.96966; 0.872309
-3.96632; 0.868596
-3.96299; 0.864887
-3.95965; 0.861182
-3.95632; 0.857481
-3.95298; 0.853785
-3.94965; 0.850092
-3.94632; 0.846404
-3.94298; 0.84272
-3.93965; 0.839038
-3.93631; 0.835362
-3.93298; 0.831689
-3.92964; 0.82802
-3.92631; 0.824354
-3.92297; 0.820692
-3.91964; 0.817034
-3.91631; 0.813379
-3.91297; 0.809728
-3.90964; 0.806079
-3.9063; 0.802435
-3.90297; 0.798793
-3.89963; 0.795155
-3.8963; 0.791519
-3.89296; 0.787888
-3.88963; 0.784258
-3.8863; 0.780634
-3.88296; 0.77701
-3.87963; 0.77339
-3.87629; 0.769774
-3.87296; 0.766159
-3.86962; 0.762549
-3.86629; 0.75894
-3.86295; 0.755334
-3.85962; 0.751731
-3.85629; 0.74813
-3.85295; 0.744532
-3.84962; 0.740937
-3.84628; 0.737344
-3.84295; 0.733753
-3.83961; 0.730165
-3.83628; 0.726579
-3.83294; 0.722996
-3.82961; 0.719415
-3.82628; 0.715836
-3.82294; 0.71226
-3.81961; 0.708685
-3.81627; 0.705113
-3.81294; 0.701542
-3.8096; 0.697974
-3.80627; 0.694408
-3.80293; 0.690844
-3.7996; 0.687281
-3.79627; 0.683721
-3.79293; 0.680163
-3.7896; 0.676606
-3.78626; 0.673051
-3.78293; 0.669498
-3.77959; 0.665946
-3.77626; 0.662397
-3.77292; 0.658849
-3.76959; 0.655303
-3.76626; 0.651757
-3.76292; 0.648214
-3.75959; 0.644672
-3.75625; 0.641132
-3.75292; 0.637594
-3.74958; 0.634056
-3.74625; 0.63052
-3.74291; 0.626986
-3.73958; 0.623453
-3.73625; 0.619921
-3.73291; 0.616391
-3.72958; 0.612861
-3.72624; 0.609333
-3.72291; 0.605807
-3.71957; 0.602281
-3.71624; 0.598757
-3.7129; 0.595234
-3.70957; 0.591711
-3.70624; 0.588191
-3.7029; 0.58467
-3.69957; 0.581151
-3.69623; 0.577634
-3.6929; 0.574116
-3.68956; 0.570601
-3.68623; 0.567086
-3.68289; 0.563572
-3.67956; 0.560059
-3.67623; 0.556547
-3.67289; 0.553036
-3.66956; 0.549525
-3.66622; 0.546016
-3.66289; 0.542507
-3.65955; 0.538999
-3.65622; 0.535492
-3.65288; 0.531986
-3.64955; 0.52848
-3.64622; 0.524974
-3.64288; 0.52147
-3.63955; 0.517967
-3.63621; 0.514464
-3.63288; 0.510962
-3.62954; 0.507461
-3.62621; 0.50396
-3.62287; 0.500459
-3.61954; 0.49696
-3.61621; 0.49346
-3.61287; 0.489962
-3.60954; 0.486464
-3.6062; 0.482966
-3.60287; 0.479469
-3.59953; 0.475973
-3.5962; 0.472478
-3.59286; 0.468982
-3.58953; 0.465487
-3.5862; 0.461993
-3.58286; 0.458498
-3.57953; 0.455005
-3.57619; 0.451512
-3.57286; 0.44802
-3.56952; 0.444528
-3.56619; 0.441036
-3.56285; 0.437544
-3.55952; 0.434054
-3.55619; 0.430563
-3.55285; 0.427073
-3.54952; 0.423583
-3.54618; 0.420094
-3.54285; 0.416605
-3.53951; 0.413116
-3.53618; 0.409628
-3.53284; 0.40614
-3.52951; 0.402652
-3.52618; 0.399166
-3.52284; 0.395679
-3.51951; 0.392191
-3.51617; 0.388705
-3.51284; 0.38522
-3.5095; 0.381734
-3.50617; 0.378248
-3.50283; 0.374763
-3.4995; 0.371279
-3.49617; 0.367795
-3.49283; 0.36431
-3.4895; 0.360826
-3.48616; 0.357343
-3.48283; 0.35386
-3.47949; 0.350377
-3.47616; 0.346895
-3.47282; 0.343412
-3.46949; 0.33993
-3.46616; 0.336448
-3.46282; 0.332967
-3.45949; 0.329486
-3.45615; 0.326005
-3.45282; 0.322525
-3.44948; 0.319044
-3.44615; 0.315565
-3.44281; 0.312085
-3.43948; 0.308606
-3.43615; 0.305127
-3.43281; 0.301648
-3.42948; 0.29817
-3.42614; 0.294692
-3.42281; 0.291214
-3.41947; 0.287736
-3.41614; 0.284259
-3.4128; 0.280783
-3.40947; 0.277306
-3.40614; 0.273831
-3.4028; 0.270355
-3.39947; 0.26688
-3.39613; 0.263404
-3.3928; 0.25993
-3.38946; 0.256456
-3.38613; 0.252982
-3.38279; 0.249509
-3.37946; 0.246036
-3.37613; 0.242563
-3.37279; 0.239091
-3.36946; 0.235619
-3.36612; 0.232148
-3.36279; 0.228677
-3.35945; 0.225207
-3.35612; 0.221737
-3.35278; 0.218267
-3.34945; 0.214798
-3.34612; 0.211329
-3.34278; 0.207861
-3.33945; 0.204393
-3.33611; 0.200926
-3.33278; 0.19746
-3.32944; 0.193994
-3.32611; 0.190528
-3.32277; 0.187063
-3.31944; 0.183599
-3.31611; 0.180135
-3.31277; 0.176672
-3.30944; 0.173209
-3.3061; 0.169747
-3.30277; 0.166286
-3.29943; 0.162825
-3.2961; 0.159365
-3.29276; 0.155905
-3.28943; 0.152446
-3.2861; 0.148988
-3.28276; 0.145531
-3.27943; 0.142074
-3.27609; 0.138618
-3.27276; 0.135163
-3.26942; 0.131708
-3.26609; 0.128254
-3.26275; 0.124802
-3.25942; 0.12135
-3.25609; 0.117898
-3.25275; 0.114447
-3.24942; 0.110998
-3.24608; 0.107549
-3.24275; 0.1041
-3.23941; 0.100653
-3.23608; 0.0972073
-3.23274; 0.0937618
-3.22941; 0.0903176
-3.22608; 0.0868742
-3.22274; 0.0834317
-3.21941; 0.0799904
-3.21607; 0.0765495
-3.21274; 0.0731104
-3.2094; 0.0696717
-3.20607; 0.0662345
-3.20273; 0.0627979
-3.1994; 0.0593628
-3.19607; 0.0559287
-3.19273; 0.0524957
-3.1894; 0.0490638
-3.18606; 0.0456332
-3.18273; 0.0422037
-3.17939; 0.0387756
-3.17606; 0.0353482
-3.17272; 0.0319225
-3.16939; 0.0284979
-3.16606; 0.0250744
-3.16272; 0.0216522
-3.15939; 0.0182318
-3.15605; 0.0148122
-3.15272; 0.011394
-3.14938; 0.00797708
-3.14605; 0.00456214
-3.14271; 0.00114788
-3.13938; -0.00226447
-3.13605; -0.00567539
-3.13271; -0.0090849
-3.12938; -0.0124932
-3.12604; -0.0158995
-3.12271; -0.0193045
-3.11937; -0.022708
-3.11604; -0.0261099
-3.1127; -0.0295102
-3.10937; -0.0329089
-3.10604; -0.0363058
-3.1027; -0.0397015
-3.09937; -0.0430951
-3.09603; -0.0464869
-3.0927; -0.0498772
-3.08936; -0.0532656
-3.08603; -0.0566521
-3.08269; -0.0600372
-3.07936; -0.0634205
-3.07603; -0.0668012
-3.07269; -0.0701808
-3.06936; -0.0735584
-3.06602; -0.0769339
-3.06269; -0.0803076
-3.05935; -0.0836794
-3.05602; -0.0870488
-3.05268; -0.0904168
-3.04935; -0.0937822
-3.04602; -0.0971456
-3.04268; -0.100507
-3.03935; -0.103867
-3.03601; -0.107224
-3.03268; -0.110579
-3.02934; -0.113932
-3.02601; -0.117283
-3.02267; -0.120631
-3.01934; -0.123978
-3.01601; -0.127322
-3.01267; -0.130663
-3.00934; -0.134003
-3.006; -0.13734
-3.00267; -0.140675
-2.99933; -0.144007
-2.996; -0.147337
-2.99266; -0.150664
-2.98933; -0.153989
-2.986; -0.157312
-2.98266; -0.160632
-2.97933; -0.163949
-2.97599; -0.167264
-2.97266; -0.170576
-2.96932; -0.173886
-2.96599; -0.177192
-2.96265; -0.180497
-2.95932; -0.183798
-2.95599; -0.187097
-2.95265; -0.190393
-2.94932; -0.193686
-2.94598; -0.196977
-2.94265; -0.200264
-2.93931; -0.203549
-2.93598; -0.206831
-2.93264; -0.21011
-2.92931; -0.213386
-2.92598; -0.216659
-2.92264; -0.219929
-2.91931; -0.223196
-2.91597; -0.22646
-2.91264; -0.22972
-2.9093; -0.232978
-2.90597; -0.236233
-2.90263; -0.239484
-2.8993; -0.242732
-2.89597; -0.245978
-2.89263; -0.249219
-2.8893; -0.252458
-2.88596; -0.255693
-2.88263; -0.258925
-2.87929; -0.262154
-2.87596; -0.265379
-2.87262; -0.268601
-2.86929; -0.271819
-2.86596; -0.275034
-2.86262; -0.278245
-2.85929; -0.281453
-2.85595; -0.284657
-2.85262; -0.287858
-2.84928; -0.291055
-2.84595; -0.294248
-2.84261; -0.297438
-2.83928; -0.300624
-2.83595; -0.303807
-2.83261; -0.306985
-2.82928; -0.31016
-2.82594; -0.313331
-2.82261; -0.316499
-2.81927; -0.319662
-2.81594; -0.322821
-2.8126; -0.325977
-2.80927; -0.329129
-2.80594; -0.332276
-2.8026; -0.33542
-2.79927; -0.338559
-2.79593; -0.341695
-2.7926; -0.344826
-2.78926; -0.347954
-2.78593; -0.351077
-2.78259; -0.354196
-2.77926; -0.357311
-2.77593; -0.360421
-2.77259; -0.363528
-2.76926; -0.366629
-2.76592; -0.369727
-2.76259; -0.372821
-2.75925; -0.37591
-2.75592; -0.378994
-2.75258; -0.382074
-2.74925; -0.38515
-2.74592; -0.388221
-2.74258; -0.391288
-2.73925; -0.39435
-2.73591; -0.397407
-2.73258; -0.40046
-2.72924; -0.403509
-2.72591; -0.406552
-2.72257; -0.409591
-2.71924; -0.412625
-2.71591; -0.415654
-2.71257; -0.418679
-2.70924; -0.421699
-2.7059; -0.424714
-2.70257; -0.427724
-2.69923; -0.430729
-2.6959; -0.43373
-2.69256; -0.436725
-2.68923; -0.439715
-2.6859; -0.4427
-2.68256; -0.445681
-2.67923; -0.448656
-2.67589; -0.451626
-2.67256; -0.454591
-2.66922; -0.457551
-2.66589; -0.460505
-2.66255; -0.463455
-2.65922; -0.466399
-2.65589; -0.469338
-2.65255; -0.472271
-2.64922; -0.475199
-2.64588; -0.478122
-2.64255; -0.481039
-2.63921; -0.483952
-2.63588; -0.486858
-2.63254; -0.489759
-2.62921; -0.492655
-2.62588; -0.495545
-2.62254; -0.498429
-2.61921; -0.501308
-2.61587; -0.504181
-2.61254; -0.507049
-2.6092; -0.509911
-2.60587; -0.512767
-2.60253; -0.515617
-2.5992; -0.518462
-2.59587; -0.521301
-2.59253; -0.524134
-2.5892; -0.526961
-2.58586; -0.529782
-2.58253; -0.532598
-2.57919; -0.535407
-2.57586; -0.538211
-2.57252; -0.541008
-2.56919; -0.543799
-2.56586; -0.546585
-2.56252; -0.549364
-2.55919; -0.552137
-2.55585; -0.554904
-2.55252; -0.557665
-2.54918; -0.56042
-2.54585; -0.563168
-2.54251; -0.56591
-2.53918; -0.568646
-2.53585; -0.571376
-2.53251; -0.574099
-2.52918; -0.576815
-2.52584; -0.579526
-2.52251; -0.58223
-2.51917; -0.584927
-2.51584; -0.587619
-2.5125; -0.590303
-2.50917; -0.592981
-2.50584; -0.595652
-2.5025; -0.598317
-2.49917; -0.600976
-2.49583; -0.603627
-2.4925; -0.606272
-2.48916; -0.60891
-2.48583; -0.611542
-2.48249; -0.614166
-2.47916; -0.616784
-2.47583; -0.619395
-2.47249; -0.622
-2.46916; -0.624597
-2.46582; -0.627187
-2.46249; -0.629771
-2.45915; -0.632347
-2.45582; -0.634917
-2.45248; -0.637479
-2.44915; -0.640035
-2.44582; -0.642583
-2.44248; -0.645125
-2.43915; -0.647659
-2.43581; -0.650186
-2.43248; -0.652706
-2.42914; -0.655219
-2.42581; -0.657724
-2.42247; -0.660223
-2.41914; -0.662713
-2.41581; -0.665197
-2.41247; -0.667674
-2.40914; -0.670142
-2.4058; -0.672604
-2.40247; -0.675058
-2.39913; -0.677505
-2.3958; -0.679944
-2.39246; -0.682376
-2.38913; -0.6848
-2.3858; -0.687217
-2.38246; -0.689626
-2.37913; -0.692028
-2.37579; -0.694422
-2.37246; -0.696808
-2.36912; -0.699186
-2.36579; -0.701557
-2.36245; -0.703921
-2.35912; -0.706276
-2.35579; -0.708624
-2.35245; -0.710964
-2.34912; -0.713295
-2.34578; -0.71562
-2.34245; -0.717936
-2.33911; -0.720244
-2.33578; -0.722545
-2.33244; -0.724837
-2.32911; -0.727122
-2.32578; -0.729398
-2.32244; -0.731667
-2.31911; -0.733927
-2.31577; -0.73618
-2.31244; -0.738424
-2.3091; -0.74066
-2.30577; -0.742888
-2.30243; -0.745108
-2.2991; -0.74732
-2.29577; -0.749523
-2.29243; -0.751718
-2.2891; -0.753905
-2.28576; -0.756083
-2.28243; -0.758254
-2.27909; -0.760416
-2.27576; -0.762569
-2.27242; -0.764714
-2.26909; -0.766851
-2.26576; -0.768979
-2.26242; -0.771099
-2.25909; -0.773211
-2.25575; -0.775313
-2.25242; -0.777408
-2.24908; -0.779493
-2.24575; -0.78157
-2.24241; -0.783639
-2.23908; -0.785699
-2.23575; -0.78775
-2.23241; -0.789793
-2.22908; -0.791827
-2.22574; -0.793852
-2.22241; -0.795868
-2.21907; -0.797876
-2.21574; -0.799875
-2.2124; -0.801865
-2.20907; -0.803846
-2.20574; -0.805819
-2.2024; -0.807782
-2.19907; -0.809737
-2.19573; -0.811683
-2.1924; -0.81362
-2.18906; -0.815548
-2.18573; -0.817466
-2.18239; -0.819376
-2.17906; -0.821277
-2.17573; -0.823169
-2.17239; -0.825052
-2.16906; -0.826925
-2.16572; -0.82879
-2.16239; -0.830645
-2.15905; -0.832491
-2.15572; -0.834329
-2.15238; -0.836156
-2.14905; -0.837975
-2.14572; -0.839784
-2.14238; -0.841585
-2.13905; -0.843376
-2.13571; -0.845157
-2.13238; -0.846929
-2.12904; -0.848693
-2.12571; -0.850446
-2.12237; -0.85219
-2.11904; -0.853925
-2.11571; -0.855651
-2.11237; -0.857367
-2.10904; -0.859073
-2.1057; -0.86077
-2.10237; -0.862458
-2.09903; -0.864136
-2.0957; -0.865805
-2.09236; -0.867464
-2.08903; -0.869113
-2.0857; -0.870753
-2.08236; -0.872383
-2.07903; -0.874004
-2.07569; -0.875615
-2.07236; -0.877216
-2.06902; -0.878808
-2.06569; -0.88039
-2.06235; -0.881962
-2.05902; -0.883525
-2.05569; -0.885078
-2.05235; -0.886621
-2.04902; -0.888154
-2.04568; -0.889678
-2.04235; -0.891191
-2.03901; -0.892695
-2.03568; -0.894189
-2.03234; -0.895673
-2.02901; -0.897147
-2.02568; -0.898612
-2.02234; -0.900066
-2.01901; -0.90151
-2.01567; -0.902945
-2.01234; -0.90437
-2.009; -0.905784
-2.00567; -0.907189
-2.00233; -0.908583
-1.999; -0.909968
-1.99567; -0.911342
-1.99233; -0.912707
-1.989; -0.914061
-1.98566; -0.915405
-1.98233; -0.916739
-1.97899; -0.918063
-1.97566; -0.919377
-1.97232; -0.920681
-1.96899; -0.921974
-1.96566; -0.923258
-1.96232; -0.924531
-1.95899; -0.925794
-1.95565; -0.927046
-1.95232; -0.928289
-1.94898; -0.929521
-1.94565; -0.930743
-1.94231; -0.931954
-1.93898; -0.933156
-1.93565; -0.934347
-1.93231; -0.935527
-1.92898; -0.936698
-1.92564; -0.937858
-1.92231; -0.939007
-1.91897; -0.940147
-1.91564; -0.941275
-1.9123; -0.942394
-1.90897; -0.943502
-1.90564; -0.944599
-1.9023; -0.945687
-1.89897; -0.946763
-1.89563; -0.947829
-1.8923; -0.948885
-1.88896; -0.94993
-1.88563; -0.950965
-1.88229; -0.951989
-1.87896; -0.953003
-1.87563; -0.954006
-1.87229; -0.954999
-1.86896; -0.955981
-1.86562; -0.956952
-1.86229; -0.957913
-1.85895; -0.958863
-1.85562; -0.959803
-1.85228; -0.960732
-1.84895; -0.96165
-1.84562; -0.962558
-1.84228; -0.963455
-1.83895; -0.964341
-1.83561; -0.965217
-1.83228; -0.966082
-1.82894; -0.966936
-1.82561; -0.96778
-1.82227; -0.968613
-1.81894; -0.969435
-1.81561; -0.970247
-1.81227; -0.971048
-1.80894; -0.971837
-1.8056; -0.972617
-1.80227; -0.973385
-1.79893; -0.974143
-1.7956; -0.97489
-1.79226; -0.975626
-1.78893; -0.976351
-1.7856; -0.977065
-1.78226; -0.977769
-1.77893; -0.978462
-1.77559; -0.979144
-1.77226; -0.979815
-1.76892; -0.980475
-1.76559; -0.981125
-1.76225; -0.981763
-1.75892; -0.982391
-1.75559; -0.983007
-1.75225; -0.983613
-1.74892; -0.984208
-1.74558; -0.984792
-1.74225; -0.985366
-1.73891; -0.985928
-1.73558; -0.986479
-1.73224; -0.987019
-1.72891; -0.987549
-1.72558; -0.988067
-1.72224; -0.988575
-1.71891; -0.989071
-1.71557; -0.989557
-1.71224; -0.990031
-1.7089; -0.990495
-1.70557; -0.990948
-1.70223; -0.991389
-1.6989; -0.99182
-1.69557; -0.99224
-1.69223; -0.992648
-1.6889; -0.993046
-1.68556; -0.993433
-1.68223; -0.993808
-1.67889; -0.994173
-1.67556; -0.994526
-1.67222; -0.994869
-1.66889; -0.995201
-1.66556; -0.995521
-1.66222; -0.99583
-1.65889; -0.996129
-1.65555; -0.996416
-1.65222; -0.996692
-1.64888; -0.996958
-1.64555; -0.997212
-1.64221; -0.997455
-1.63888; -0.997687
-1.63555; -0.997908
-1.63221; -0.998118
-1.62888; -0.998316
-1.62554; -0.998504
-1.62221; -0.998681
-1.61887; -0.998846
-1.61554; -0.999001
-1.6122; -0.999144
-1.60887; -0.999276
-1.60554; -0.999398
-1.6022; -0.999508
-1.59887; -0.999607
-1.59553; -0.999695
-1.5922; -0.999771
-1.58886; -0.999837
-1.58553; -0.999892
-1.58219; -0.999935
-1.57886; -0.999968
-1.57553; -0.999989
-1.57219; -0.999999
-1.56886; -0.999998
-1.56552; -0.999986
-1.56219; -0.999963
-1.55885; -0.999929
-1.55552; -0.999883
-1.55218; -0.999827
-1.54885; -0.999759
-1.54552; -0.999681
-1.54218; -0.999591
-1.53885; -0.99949
-1.53551; -0.999378
-1.53218; -0.999255
-1.52884; -0.999121
-1.52551; -0.998976
-1.52217; -0.99882
-1.51884; -0.998652
-1.51551; -0.998474
-1.51217; -0.998284
-1.50884; -0.998083
-1.5055; -0.997872
-1.50217; -0.997649
-1.49883; -0.997415
-1.4955; -0.99717
-1.49216; -0.996914
-1.48883; -0.996646
-1.4855; -0.996368
-1.48216; -0.996079
-1.47883; -0.995778
-1.47549; -0.995467
-1.47216; -0.995144
-1.46882; -0.994811
-1.46549; -0.994466
-1.46215; -0.99411
-1.45882; -0.993744
-1.45549; -0.993366
-1.45215; -0.992977
-1.44882; -0.992577
-1.44548; -0.992166
-1.44215; -0.991744
-1.43881; -0.991311
-1.43548; -0.990868
-1.43214; -0.990413
-1.42881; -0.989947
-1.42548; -0.98947
-1.42214; -0.988982
-1.41881; -0.988483
-1.41547; -0.987973
-1.41214; -0.987452
-1.4088; -0.98692
-1.40547; -0.986377
-1.40213; -0.985823
-1.3988; -0.985258
-1.39547; -0.984683
-1.39213; -0.984096
-1.3888; -0.983498
-1.38546; -0.98289
-1.38213; -0.98227
-1.37879; -0.98164
-1.37546; -0.980998
-1.37212; -0.980346
-1.36879; -0.979683
-1.36546; -0.979009
-1.36212; -0.978324
-1.35879; -0.977628
-1.35545; -0.976922
-1.35212; -0.976204
-1.34878; -0.975476
-1.34545; -0.974737
-1.34211; -0.973986
-1.33878; -0.973226
-1.33545; -0.972454
-1.33211; -0.971671
-1.32878; -0.970878
-1.32544; -0.970074
-1.32211; -0.969259
-1.31877; -0.968433
-1.31544; -0.967597
-1.3121; -0.96675
-1.30877; -0.965892
-1.30544; -0.965023
-1.3021; -0.964144
-1.29877; -0.963253
-1.29543; -0.962353
-1.2921; -0.961441
-1.28876; -0.960519
-1.28543; -0.959586
-1.28209; -0.958642
-1.27876; -0.957688
-1.27543; -0.956723
-1.27209; -0.955747
-1.26876; -0.954761
-1.26542; -0.953764
-1.26209; -0.952757
-1.25875; -0.951739
-1.25542; -0.95071
-1.25208; -0.949671
-1.24875; -0.948621
-1.24542; -0.947561
-1.24208; -0.94649
-1.23875; -0.945409
-1.23541; -0.944317
-1.23208; -0.943215
-1.22874; -0.942102
-1.22541; -0.940978
-1.22207; -0.939845
-1.21874; -0.9387
-1.21541; -0.937546
-1.21207; -0.93638
-1.20874; -0.935205
-1.2054; -0.934019
-1.20207; -0.932823
-1.19873; -0.931616
-1.1954; -0.930399
-1.19206; -0.929171
-1.18873; -0.927934
-1.1854; -0.926686
-1.18206; -0.925427
-1.17873; -0.924158
-1.17539; -0.922879
-1.17206; -0.92159
-1.16872; -0.920291
-1.16539; -0.918981
-1.16205; -0.917661
-1.15872; -0.916331
-1.15539; -0.914991
-1.15205; -0.91364
-1.14872; -0.912279
-1.14538; -0.910909
-1.14205; -0.909528
-1.13871; -0.908137
-1.13538; -0.906735
-1.13204; -0.905324
-1.12871; -0.903903
-1.12538; -0.902471
-1.12204; -0.90103
-1.11871; -0.899579
-1.11537; -0.898117
-1.11204; -0.896646
-1.1087; -0.895164
-1.10537; -0.893673
-1.10203; -0.892172
-1.0987; -0.89066
-1.09537; -0.889139
-1.09203; -0.887608
-1.0887; -0.886067
-1.08536; -0.884516
-1.08203; -0.882956
-1.07869; -0.881385
-1.07536; -0.879805
-1.07202; -0.878215
-1.06869; -0.876615
-1.06536; -0.875006
-1.06202; -0.873386
-1.05869; -0.871757
-1.05535; -0.870119
-1.05202; -0.86847
-1.04868; -0.866812
-1.04535; -0.865145
-1.04201; -0.863467
-1.03868; -0.86178
-1.03535; -0.860084
-1.03201; -0.858378
-1.02868; -0.856662
-1.02534; -0.854937
-1.02201; -0.853202
-1.01867; -0.851458
-1.01534; -0.849705
-1.012; -0.847942
-1.00867; -0.846169
-1.00534; -0.844387
-1.002; -0.842596
-0.998666; -0.840795
-0.995332; -0.838985
-0.991997; -0.837166
-0.988663; -0.835337
-0.985329; -0.833499
-0.981994; -0.831652
-0.97866; -0.829796
-0.975325; -0.82793
-0.971991; -0.826055
-0.968656; -0.824171
-0.965322; -0.822277
-0.961987; -0.820375
-0.958653; -0.818463
-0.955319; -0.816543
-0.951984; -0.814613
-0.94865; -0.812674
-0.945315; -0.810726
-0.941981; -0.80877
-0.938646; -0.806804
-0.935312; -0.804829
-0.931977; -0.802845
-0.928643; -0.800852
-0.925309; -0.798851
-0.921974; -0.79684
-0.91864; -0.794821
-0.915305; -0.792793
-0.911971; -0.790756
-0.908636; -0.78871
-0.905302; -0.786655
-0.901967; -0.784592
-0.898633; -0.78252
-0.895299; -0.780439
-0.891964; -0.77835
-0.88863; -0.776251
-0.885295; -0.774145
-0.881961; -0.772029
-0.878626; -0.769905
-0.875292; -0.767773
-0.871957; -0.765632
-0.868623; -0.763482
-0.865289; -0.761324
-0.861954; -0.759158
-0.85862; -0.756983
-0.855285; -0.754799
-0.851951; -0.752607
-0.848616; -0.750407
-0.845282; -0.748199
-0.841947; -0.745982
-0.838613; -0.743757
-0.835279; -0.741524
-0.831944; -0.739282
-0.82861; -0.737032
-0.825275; -0.734774
-0.821941; -0.732508
-0.818606; -0.730233
-0.815272; -0.727951
-0.811937; -0.72566
-0.808603; -0.723362
-0.805269; -0.721055
-0.801934; -0.71874
-0.7986; -0.716417
-0.795265; -0.714087
-0.791931; -0.711748
-0.788596; -0.709402
-0.785262; -0.707047
-0.781927; -0.704685
-0.778593; -0.702315
-0.775259; -0.699937
-0.771924; -0.697551
-0.76859; -0.695158
-0.765255; -0.692756
-0.761921; -0.690347
-0.758586; -0.687931
-0.755252; -0.685507
-0.751917; -0.683075
-0.748583; -0.680635
-0.745249; -0.678188
-0.741914; -0.675734
-0.73858; -0.673272
-0.735245; -0.670802
-0.731911; -0.668325
-0.728576; -0.665841
-0.725242; -0.663349
-0.721907; -0.660849
-0.718573; -0.658343
-0.715239; -0.655829
-0.711904; -0.653308
-0.70857; -0.650779
-0.705235; -0.648244
-0.701901; -0.645701
-0.698566; -0.643151
-0.695232; -0.640593
-0.691897; -0.638029
-0.688563; -0.635458
-0.685229; -0.632879
-0.681894; -0.630293
-0.67856; -0.627701
-0.675225; -0.625101
-0.671891; -0.622495
-0.668556; -0.619881
-0.665222; -0.617261
-0.661887; -0.614634
-0.658553; -0.612
-0.655219; -0.609359
-0.651884; -0.606711
-0.64855; -0.604057
-0.645215; -0.601396
-0.641881; -0.598728
-0.638546; -0.596054
-0.635212; -0.593373
-0.631877; -0.590685
-0.628543; -0.587991
-0.625209; -0.58529
-0.621874; -0.582583
-0.61854; -0.579869
-0.615205; -0.577149
-0.611871; -0.574423
-0.608536; -0.57169
-0.605202; -0.56895
-0.601867; -0.566205
-0.598533; -0.563453
-0.595199; -0.560695
-0.591864; -0.55793
-0.58853; -0.55516
-0.585195; -0.552383
-0.581861; -0.5496
-0.578526; -0.546811
-0.575192; -0.544016
-0.571857; -0.541214
-0.568523; -0.538407
-0.565189; -0.535594
-0.561854; -0.532775
-0.55852; -0.52995
-0.555185; -0.527119
-0.551851; -0.524282
-0.548516; -0.52144
-0.545182; -0.518591
-0.541847; -0.515737
-0.538513; -0.512877
-0.535179; -0.510011
-0.531844; -0.50714
-0.52851; -0.504263
-0.525175; -0.501381
-0.521841; -0.498493
-0.518506; -0.495599
-0.515172; -0.4927
-0.511837; -0.489795
-0.508503; -0.486885
-0.505168; -0.48397
-0.501834; -0.481049
-0.4985; -0.478122
-0.495165; -0.475191
-0.491831; -0.472254
-0.488496; -0.469312
-0.485162; -0.466365
-0.481827; -0.463412
-0.478493; -0.460455
-0.475159; -0.457492
-0.471824; -0.454524
-0.46849; -0.451551
-0.465155; -0.448573
-0.461821; -0.44559
-0.458486; -0.442603
-0.455152; -0.43961
-0.451817; -0.436612
-0.448483; -0.43361
-0.445149; -0.430602
-0.441814; -0.42759
-0.43848; -0.424574
-0.435145; -0.421552
-0.431811; -0.418526
-0.428476; -0.415495
-0.425142; -0.412459
-0.421807; -0.409419
-0.418473; -0.406375
-0.415139; -0.403325
-0.411804; -0.400272
-0.40847; -0.397214
-0.405135; -0.394151
-0.401801; -0.391084
-0.398466; -0.388013
-0.395132; -0.384938
-0.391797; -0.381858
-0.388463; -0.378774
-0.385129; -0.375685
-0.381794; -0.372593
-0.37846; -0.369496
-0.375125; -0.366396
-0.371791; -0.363291
-0.368456; -0.360182
-0.365122; -0.357069
-0.361787; -0.353953
-0.358453; -0.350832
-0.355119; -0.347707
-0.351784; -0.344579
-0.34845; -0.341446
-0.345115; -0.33831
-0.341781; -0.335171
-0.338446; -0.332027
-0.335112; -0.32888
-0.331777; -0.325729
-0.328443; -0.322574
-0.325108; -0.319416
-0.321774; -0.316254
-0.31844; -0.313089
-0.315105; -0.309921
-0.311771; -0.306748
-0.308436; -0.303573
-0.305102; -0.300394
-0.301767; -0.297212
-0.298433; -0.294026
-0.295099; -0.290838
-0.291764; -0.287645
-0.28843; -0.28445
-0.285095; -0.281252
-0.281761; -0.27805
-0.278426; -0.274846
-0.275092; -0.271638
-0.271757; -0.268427
-0.268423; -0.265214
-0.265088; -0.261997
-0.261754; -0.258778
-0.25842; -0.255555
-0.255085; -0.25233
-0.251751; -0.249102
-0.248416; -0.245871
-0.245082; -0.242638
-0.241747; -0.239402
-0.238413; -0.236163
-0.235078; -0.232921
-0.231744; -0.229677
-0.22841; -0.22643
-0.225075; -0.223181
-0.221741; -0.21993
-0.218406; -0.216675
-0.215072; -0.213419
-0.211737; -0.21016
-0.208403; -0.206899
-0.205068; -0.203635
-0.201734; -0.20037
-0.1984; -0.197102
-0.195065; -0.193832
-0.191731; -0.190559
-0.188396; -0.187285
-0.185062; -0.184008
-0.181727; -0.18073
-0.178393; -0.177449
-0.175058; -0.174166
-0.171724; -0.170882
-0.16839; -0.167596
-0.165055; -0.164307
-0.161721; -0.161017
-0.158386; -0.157725
-0.155052; -0.154432
-0.151717; -0.151137
-0.148383; -0.14784
-0.145048; -0.144541
-0.141714; -0.141241
-0.13838; -0.137939
-0.135045; -0.134635
-0.131711; -0.131331
-0.128376; -0.128024
-0.125042; -0.124717
-0.121707; -0.121407
-0.118373; -0.118097
-0.115038; -0.114785
-0.111704; -0.111472
-0.10837; -0.108158
-0.105035; -0.104842
-0.101701; -0.101526
-0.0983663; -0.0982078
-0.0950318; -0.094889
-0.0916974; -0.091569
-0.0883629; -0.0882481
-0.0850285; -0.0849262
-0.081694; -0.0816033
-0.0783596; -0.0782795
-0.0750252; -0.0749549
-0.0716907; -0.0716294
-0.0683563; -0.0683031
-0.0650218; -0.0649761
-0.0616874; -0.0616483
-0.0583529; -0.0583198
-0.0550185; -0.0549908
-0.051684; -0.0516611
-0.0483496; -0.0483308
-0.0450152; -0.045
-0.0416807; -0.0416686
-0.0383463; -0.0383369
-0.0350118; -0.0350047
-0.0316774; -0.0316721
-0.0283429; -0.0283391
-0.0250085; -0.0250059
-0.021674; -0.0216723
-0.0183396; -0.0183386
-0.0150052; -0.0150046
-0.0116707; -0.0116704
-0.00833626; -0.00833616
-0.00500182; -0.0050018
-0.00166737; -0.00166737
0.00166707; 0.00166707
0.00500152; 0.0050015
0.00833596; 0.00833586
0.0116704; 0.0116701
0.0150049; 0.0150043
0.0183393; 0.0183383
0.0216737; 0.021672
0.0250082; 0.0250056
0.0283426; 0.0283388
0.0316771; 0.0316718
0.0350115; 0.0350044
0.038346; 0.0383366
0.0416804; 0.0416684
0.0450149; 0.0449997
0.0483493; 0.0483305
0.0516837; 0.0516608
0.0550182; 0.0549905
0.0583526; 0.0583195
0.0616871; 0.061648
0.0650215; 0.0649758
0.068356; 0.0683028
0.0716904; 0.0716291
0.0750249; 0.0749546
0.0783593; 0.0782792
0.0816937; 0.081603
0.0850282; 0.0849259
0.0883626; 0.0882478
0.0916971; 0.0915687
0.0950315; 0.0948887
0.098366; 0.0982076
0.1017; 0.101525
0.105035; 0.104842
0.108369; 0.108157
0.111704; 0.111472
0.115038; 0.114785
0.118373; 0.118097
0.121707; 0.121407
0.125042; 0.124716
0.128376; 0.128024
0.13171; 0.13133
0.135045; 0.134635
0.138379; 0.137938
0.141714; 0.14124
0.145048; 0.144541
0.148383; 0.147839
0.151717; 0.151136
0.155052; 0.154432
0.158386; 0.157725
0.16172; 0.161017
0.165055; 0.164307
0.168389; 0.167595
0.171724; 0.170882
0.175058; 0.174166
0.178393; 0.177449
0.181727; 0.180729
0.185062; 0.184008
0.188396; 0.187284
0.19173; 0.190559
0.195065; 0.193831
0.198399; 0.197101
0.201734; 0.200369
0.205068; 0.203635
0.208403; 0.206899
0.211737; 0.21016
0.215072; 0.213419
0.218406; 0.216675
0.22174; 0.219929
0.225075; 0.223181
0.228409; 0.22643
0.231744; 0.229677
0.235078; 0.232921
0.238413; 0.236162
0.241747; 0.239401
0.245082; 0.242637
0.248416; 0.245871
0.25175; 0.249102
0.255085; 0.25233
0.258419; 0.255555
0.261754; 0.258777
0.265088; 0.261997
0.268423; 0.265214
0.271757; 0.268427
0.275092; 0.271638
0.278426; 0.274845
0.28176; 0.27805
0.285095; 0.281252
0.288429; 0.28445
0.291764; 0.287645
0.295098; 0.290837
0.298433; 0.294026
0.301767; 0.297212
0.305102; 0.300394
0.308436; 0.303573
0.31177; 0.306748
0.315105; 0.30992
0.318439; 0.313089
0.321774; 0.316254
0.325108; 0.319416
0.328443; 0.322574
0.331777; 0.325729
0.335112; 0.328879
0.338446; 0.332027
0.34178; 0.33517
0.345115; 0.33831
0.348449; 0.341446
0.351784; 0.344578
0.355118; 0.347707
0.358453; 0.350832
0.361787; 0.353952
0.365122; 0.357069
0.368456; 0.360182
0.37179; 0.363291
0.375125; 0.366395
0.378459; 0.369496
0.381794; 0.372593
0.385128; 0.375685
0.388463; 0.378773
0.391797; 0.381857
0.395132; 0.384937
0.398466; 0.388013
0.4018; 0.391084
0.405135; 0.394151
0.408469; 0.397213
0.411804; 0.400272
0.415138; 0.403325
0.418473; 0.406374
0.421807; 0.409419
0.425142; 0.412459
0.428476; 0.415495
0.43181; 0.418526
0.435145; 0.421552
0.438479; 0.424573
0.441814; 0.42759
0.445148; 0.430602
0.448483; 0.43361
0.451817; 0.436612
0.455152; 0.43961
0.458486; 0.442602
0.46182; 0.44559
0.465155; 0.448573
0.468489; 0.451551
0.471824; 0.454524
0.475158; 0.457492
0.478493; 0.460454
0.481827; 0.463412
0.485162; 0.466364
0.488496; 0.469312
0.49183; 0.472254
0.495165; 0.475191
0.498499; 0.478122
0.501834; 0.481048
0.505168; 0.483969
0.508503; 0.486885
0.511837; 0.489795
0.515172; 0.492699
0.518506; 0.495599
0.52184; 0.498492
0.525175; 0.50138
0.528509; 0.504263
0.531844; 0.50714
0.535178; 0.510011
0.538513; 0.512877
0.541847; 0.515737
0.545182; 0.518591
0.548516; 0.521439
0.55185; 0.524282
0.555185; 0.527119
0.558519; 0.52995
0.561854; 0.532775
0.565188; 0.535594
0.568523; 0.538407
0.571857; 0.541214
0.575192; 0.544015
0.578526; 0.546811
0.58186; 0.5496
0.585195; 0.552383
0.588529; 0.555159
0.591864; 0.55793
0.595198; 0.560694
0.598533; 0.563453
0.601867; 0.566205
0.605202; 0.56895
0.608536; 0.571689
0.61187; 0.574422
0.615205; 0.577149
0.618539; 0.579869
0.621874; 0.582583
0.625208; 0.58529
0.628543; 0.587991
0.631877; 0.590685
0.635212; 0.593373
0.638546; 0.596054
0.64188; 0.598728
0.645215; 0.601396
0.648549; 0.604057
0.651884; 0.606711
0.655218; 0.609359
0.658553; 0.612
0.661887; 0.614634
0.665222; 0.617261
0.668556; 0.619881
0.67189; 0.622495
0.675225; 0.625101
0.678559; 0.627701
0.681894; 0.630293
0.685228; 0.632879
0.688563; 0.635457
0.691897; 0.638029
0.695232; 0.640593
0.698566; 0.64315
0.7019; 0.6457
0.705235; 0.648243
0.708569; 0.650779
0.711904; 0.653308
0.715238; 0.655829
0.718573; 0.658343
0.721907; 0.660849
0.725242; 0.663348
0.728576; 0.66584
0.73191; 0.668325
0.735245; 0.670802
0.738579; 0.673271
0.741914; 0.675734
0.745248; 0.678188
0.748583; 0.680635
0.751917; 0.683075
0.755252; 0.685506
0.758586; 0.687931
0.76192; 0.690347
0.765255; 0.692756
0.768589; 0.695157
0.771924; 0.697551
0.775258; 0.699937
0.778593; 0.702314
0.781927; 0.704685
0.785262; 0.707047
0.788596; 0.709401
0.79193; 0.711748
0.795265; 0.714087
0.798599; 0.716417
0.801934; 0.71874
0.805268; 0.721055
0.808603; 0.723361
0.811937; 0.72566
0.815272; 0.727951
0.818606; 0.730233
0.82194; 0.732508
0.825275; 0.734774
0.828609; 0.737032
0.831944; 0.739282
0.835278; 0.741523
0.838613; 0.743757
0.841947; 0.745982
0.845282; 0.748199
0.848616; 0.750407
0.85195; 0.752607
0.855285; 0.754799
0.858619; 0.756983
0.861954; 0.759157
0.865288; 0.761324
0.868623; 0.763482
0.871957; 0.765632
0.875292; 0.767773
0.878626; 0.769905
0.88196; 0.772029
0.885295; 0.774144
0.888629; 0.776251
0.891964; 0.778349
0.895298; 0.780439
0.898633; 0.78252
0.901967; 0.784592
0.905302; 0.786655
0.908636; 0.78871
0.91197; 0.790755
0.915305; 0.792792
0.918639; 0.794821
0.921974; 0.79684
0.925308; 0.798851
0.928643; 0.800852
0.931977; 0.802845
0.935312; 0.804829
0.938646; 0.806803
0.94198; 0.808769
0.945315; 0.810726
0.948649; 0.812674
0.951984; 0.814613
0.955318; 0.816543
0.958653; 0.818463
0.961987; 0.820375
0.965322; 0.822277
0.968656; 0.824171
0.97199; 0.826055
0.975325; 0.82793
0.978659; 0.829795
0.981994; 0.831652
0.985328; 0.833499
0.988663; 0.835337
0.991997; 0.837166
0.995332; 0.838985
0.998666; 0.840795
1.002; 0.842596
1.00533; 0.844387
1.00867; 0.846169
1.012; 0.847941
1.01534; 0.849705
1.01867; 0.851458
1.02201; 0.853202
1.02534; 0.854937
1.02868; 0.856662
1.03201; 0.858378
1.03534; 0.860084
1.03868; 0.86178
1.04201; 0.863467
1.04535; 0.865144
1.04868; 0.866812
1.05202; 0.86847
1.05535; 0.870119
1.05869; 0.871757
1.06202; 0.873386
1.06535; 0.875005
1.06869; 0.876615
1.07202; 0.878215
1.07536; 0.879805
1.07869; 0.881385
1.08203; 0.882956
1.08536; 0.884516
1.0887; 0.886067
1.09203; 0.887608
1.09536; 0.889139
1.0987; 0.89066
1.10203; 0.892171
1.10537; 0.893673
1.1087; 0.895164
1.11204; 0.896645
1.11537; 0.898117
1.11871; 0.899578
1.12204; 0.90103
1.12537; 0.902471
1.12871; 0.903903
1.13204; 0.905324
1.13538; 0.906735
1.13871; 0.908136
1.14205; 0.909528
1.14538; 0.910909
1.14872; 0.912279
1.15205; 0.91364
1.15538; 0.914991
1.15872; 0.916331
1.16205; 0.917661
1.16539; 0.918981
1.16872; 0.920291
1.17206; 0.92159
1.17539; 0.922879
1.17873; 0.924158
1.18206; 0.925427
1.1854; 0.926686
1.18873; 0.927934
1.19206; 0.929171
1.1954; 0.930399
1.19873; 0.931616
1.20207; 0.932822
1.2054; 0.934019
1.20874; 0.935205
1.21207; 0.93638
1.2154; 0.937545
1.21874; 0.9387
1.22207; 0.939844
1.22541; 0.940978
1.22874; 0.942102
1.23208; 0.943214
1.23541; 0.944317
1.23875; 0.945409
1.24208; 0.94649
1.24541; 0.947561
1.24875; 0.948621
1.25208; 0.949671
1.25542; 0.95071
1.25875; 0.951739
1.26209; 0.952757
1.26542; 0.953764
1.26876; 0.954761
1.27209; 0.955747
1.27542; 0.956723
1.27876; 0.957688
1.28209; 0.958642
1.28543; 0.959586
1.28876; 0.960519
1.2921; 0.961441
1.29543; 0.962352
1.29877; 0.963253
1.3021; 0.964143
1.30543; 0.965023
1.30877; 0.965892
1.3121; 0.96675
1.31544; 0.967597
1.31877; 0.968433
1.32211; 0.969259
1.32544; 0.970074
1.32878; 0.970878
1.33211; 0.971671
1.33544; 0.972454
1.33878; 0.973226
1.34211; 0.973986
1.34545; 0.974737
1.34878; 0.975476
1.35212; 0.976204
1.35545; 0.976922
1.35879; 0.977628
1.36212; 0.978324
1.36545; 0.979009
1.36879; 0.979683
1.37212; 0.980346
1.37546; 0.980998
1.37879; 0.98164
1.38213; 0.98227
1.38546; 0.98289
1.3888; 0.983498
1.39213; 0.984096
1.39547; 0.984683
1.3988; 0.985258
1.40213; 0.985823
1.40547; 0.986377
1.4088; 0.98692
1.41214; 0.987452
1.41547; 0.987973
1.41881; 0.988483
1.42214; 0.988982
1.42548; 0.98947
1.42881; 0.989947
1.43214; 0.990413
1.43548; 0.990867
1.43881; 0.991311
1.44215; 0.991744
1.44548; 0.992166
1.44882; 0.992577
1.45215; 0.992977
1.45548; 0.993366
1.45882; 0.993744
1.46215; 0.99411
1.46549; 0.994466
1.46882; 0.994811
1.47216; 0.995144
1.47549; 0.995467
1.47883; 0.995778
1.48216; 0.996079
1.48549; 0.996368
1.48883; 0.996646
1.49216; 0.996913
1.4955; 0.99717
1.49883; 0.997415
1.50217; 0.997649
1.5055; 0.997872
1.50884; 0.998083
1.51217; 0.998284
1.5155; 0.998474
1.51884; 0.998652
1.52217; 0.99882
1.52551; 0.998976
1.52884; 0.999121
1.53218; 0.999255
1.53551; 0.999378
1.53885; 0.99949
1.54218; 0.999591
1.54551; 0.999681
1.54885; 0.99976
1.55218; 0.999827
1.55552; 0.999883
1.55885; 0.999929
1.56219; 0.999963
1.56552; 0.999986
1.56886; 0.999998
1.57219; 0.999999
1.57552; 0.999989
1.57886; 0.999968
1.58219; 0.999935
1.58553; 0.999892
1.58886; 0.999837
1.5922; 0.999771
1.59553; 0.999694
1.59887; 0.999607
1.6022; 0.999508
1.60554; 0.999398
1.60887; 0.999276
1.6122; 0.999144
1.61554; 0.999001
1.61887; 0.998846
1.62221; 0.998681
1.62554; 0.998504
1.62888; 0.998316
1.63221; 0.998118
1.63555; 0.997908
1.63888; 0.997687
1.64221; 0.997455
1.64555; 0.997212
1.64888; 0.996958
1.65222; 0.996692
1.65555; 0.996416
1.65889; 0.996129
1.66222; 0.99583
1.66556; 0.995521
1.66889; 0.995201
1.67222; 0.994869
1.67556; 0.994526
1.67889; 0.994173
1.68223; 0.993808
1.68556; 0.993433
1.6889; 0.993046
1.69223; 0.992648
1.69556; 0.99224
1.6989; 0.99182
1.70223; 0.991389
1.70557; 0.990948
1.7089; 0.990495
1.71224; 0.990032
1.71557; 0.989557
1.71891; 0.989071
1.72224; 0.988575
1.72557; 0.988067
1.72891; 0.987549
1.73224; 0.987019
1.73558; 0.986479
1.73891; 0.985928
1.74225; 0.985366
1.74558; 0.984793
1.74892; 0.984208
1.75225; 0.983613
1.75558; 0.983008
1.75892; 0.982391
1.76225; 0.981763
1.76559; 0.981125
1.76892; 0.980475
1.77226; 0.979815
1.77559; 0.979144
1.77893; 0.978462
1.78226; 0.977769
1.78559; 0.977066
1.78893; 0.976351
1.79226; 0.975626
1.7956; 0.97489
1.79893; 0.974143
1.80227; 0.973385
1.8056; 0.972617
1.80894; 0.971838
1.81227; 0.971048
1.81561; 0.970247
1.81894; 0.969435
1.82227; 0.968613
1.82561; 0.96778
1.82894; 0.966937
1.83228; 0.966082
1.83561; 0.965217
1.83895; 0.964341
1.84228; 0.963455
1.84562; 0.962558
1.84895; 0.96165
1.85228; 0.960732
1.85562; 0.959803
1.85895; 0.958863
1.86229; 0.957913
1.86562; 0.956952
1.86896; 0.955981
1.87229; 0.954999
1.87563; 0.954006
1.87896; 0.953003
1.88229; 0.951989
1.88563; 0.950965
1.88896; 0.949931
1.8923; 0.948885
1.89563; 0.94783
1.89897; 0.946763
1.9023; 0.945687
1.90563; 0.9446
1.90897; 0.943502
1.9123; 0.942394
1.91564; 0.941275
1.91897; 0.940147
1.92231; 0.939007
1.92564; 0.937858
1.92898; 0.936698
1.93231; 0.935528
1.93564; 0.934347
1.93898; 0.933156
1.94231; 0.931955
1.94565; 0.930743
1.94898; 0.929521
1.95232; 0.928289
1.95565; 0.927046
1.95899; 0.925794
1.96232; 0.924531
1.96565; 0.923258
1.96899; 0.921974
1.97232; 0.920681
1.97566; 0.919377
1.97899; 0.918063
1.98233; 0.916739
1.98566; 0.915405
1.989; 0.914061
1.99233; 0.912707
1.99566; 0.911342
1.999; 0.909968
2.00233; 0.908583
2.00567; 0.907189
2.009; 0.905784
2.01234; 0.90437
2.01567; 0.902945
2.01901; 0.901511
2.02234; 0.900066
2.02568; 0.898612
2.02901; 0.897147
2.03234; 0.895673
2.03568; 0.894189
2.03901; 0.892695
2.04235; 0.891191
2.04568; 0.889678
2.04902; 0.888154
2.05235; 0.886621
2.05569; 0.885078
2.05902; 0.883525
2.06235; 0.881963
2.06569; 0.88039
2.06902; 0.878808
2.07236; 0.877217
2.07569; 0.875615
2.07903; 0.874004
2.08236; 0.872384
2.0857; 0.870753
2.08903; 0.869113
2.09236; 0.867464
2.0957; 0.865805
2.09903; 0.864136
2.10237; 0.862458
2.1057; 0.860771
2.10904; 0.859073
2.11237; 0.857367
2.11571; 0.855651
2.11904; 0.853925
2.12237; 0.852191
2.12571; 0.850446
2.12904; 0.848693
2.13238; 0.84693
2.13571; 0.845157
2.13905; 0.843376
2.14238; 0.841585
2.14571; 0.839785
2.14905; 0.837975
2.15238; 0.836156
2.15572; 0.834329
2.15905; 0.832492
2.16239; 0.830645
2.16572; 0.82879
2.16906; 0.826925
2.17239; 0.825052
2.17572; 0.823169
2.17906; 0.821277
2.18239; 0.819376
2.18573; 0.817467
2.18906; 0.815548
2.1924; 0.81362
2.19573; 0.811683
2.19907; 0.809737
2.2024; 0.807783
2.20573; 0.805819
2.20907; 0.803846
2.2124; 0.801865
2.21574; 0.799875
2.21907; 0.797876
2.22241; 0.795869
2.22574; 0.793852
2.22908; 0.791827
2.23241; 0.789793
2.23574; 0.78775
2.23908; 0.785699
2.24241; 0.783639
2.24575; 0.781571
2.24908; 0.779494
2.25242; 0.777408
2.25575; 0.775314
2.25909; 0.773211
2.26242; 0.771099
2.26575; 0.76898
2.26909; 0.766851
2.27242; 0.764714
2.27576; 0.762569
2.27909; 0.760416
2.28243; 0.758254
2.28576; 0.756084
2.2891; 0.753905
2.29243; 0.751718
2.29576; 0.749523
2.2991; 0.74732
2.30243; 0.745108
2.30577; 0.742889
2.3091; 0.74066
2.31244; 0.738424
2.31577; 0.73618
2.31911; 0.733928
2.32244; 0.731667
2.32578; 0.729399
2.32911; 0.727122
2.33244; 0.724838
2.33578; 0.722545
2.33911; 0.720245
2.34245; 0.717936
2.34578; 0.71562
2.34912; 0.713296
2.35245; 0.710964
2.35579; 0.708624
2.35912; 0.706276
2.36245; 0.703921
2.36579; 0.701558
2.36912; 0.699187
2.37246; 0.696808
2.37579; 0.694422
2.37913; 0.692028
2.38246; 0.689626
2.3858; 0.687217
2.38913; 0.684801
2.39246; 0.682376
2.3958; 0.679944
2.39913; 0.677505
2.40247; 0.675059
2.4058; 0.672604
2.40914; 0.670143
2.41247; 0.667674
2.41581; 0.665197
2.41914; 0.662714
2.42247; 0.660223
2.42581; 0.657724
2.42914; 0.655219
2.43248; 0.652706
2.43581; 0.650186
2.43915; 0.647659
2.44248; 0.645125
2.44582; 0.642584
2.44915; 0.640035
2.45248; 0.63748
2.45582; 0.634917
2.45915; 0.632347
2.46249; 0.629771
2.46582; 0.627187
2.46916; 0.624597
2.47249; 0.622
2.47583; 0.619395
2.47916; 0.616784
2.48249; 0.614166
2.48583; 0.611542
2.48916; 0.60891
2.4925; 0.606272
2.49583; 0.603627
2.49917; 0.600976
2.5025; 0.598318
2.50584; 0.595653
2.50917; 0.592981
2.5125; 0.590303
2.51584; 0.587619
2.51917; 0.584928
2.52251; 0.58223
2.52584; 0.579526
2.52918; 0.576816
2.53251; 0.574099
2.53585; 0.571376
2.53918; 0.568646
2.54251; 0.56591
2.54585; 0.563168
2.54918; 0.56042
2.55252; 0.557665
2.55585; 0.554904
2.55919; 0.552137
2.56252; 0.549364
2.56586; 0.546585
2.56919; 0.5438
2.57252; 0.541008
2.57586; 0.538211
2.57919; 0.535407
2.58253; 0.532598
2.58586; 0.529782
2.5892; 0.526961
2.59253; 0.524134
2.59587; 0.521301
2.5992; 0.518462
2.60253; 0.515618
2.60587; 0.512767
2.6092; 0.509911
2.61254; 0.507049
2.61587; 0.504182
2.61921; 0.501308
2.62254; 0.49843
2.62587; 0.495545
2.62921; 0.492655
2.63254; 0.489759
2.63588; 0.486858
2.63921; 0.483952
2.64255; 0.48104
2.64588; 0.478123
2.64922; 0.4752
2.65255; 0.472271
2.65588; 0.469338
2.65922; 0.466399
2.66255; 0.463455
2.66589; 0.460506
2.66922; 0.457551
2.67256; 0.454591
2.67589; 0.451626
2.67923; 0.448656
2.68256; 0.445681
2.68589; 0.442701
2.68923; 0.439715
2.69256; 0.436725
2.6959; 0.43373
2.69923; 0.43073
2.70257; 0.427724
2.7059; 0.424714
2.70924; 0.421699
2.71257; 0.418679
2.7159; 0.415655
2.71924; 0.412625
2.72257; 0.409591
2.72591; 0.406552
2.72924; 0.403509
2.73258; 0.40046
2.73591; 0.397407
2.73925; 0.39435
2.74258; 0.391288
2.74592; 0.388221
2.74925; 0.38515
2.75258; 0.382075
2.75592; 0.378994
2.75925; 0.37591
2.76259; 0.372821
2.76592; 0.369728
2.76926; 0.36663
2.77259; 0.363528
2.77593; 0.360422
2.77926; 0.357311
2.78259; 0.354196
2.78593; 0.351077
2.78926; 0.347954
2.7926; 0.344826
2.79593; 0.341695
2.79927; 0.33856
2.8026; 0.33542
2.80594; 0.332276
2.80927; 0.329129
2.8126; 0.325977
2.81594; 0.322821
2.81927; 0.319662
2.82261; 0.316499
2.82594; 0.313332
2.82928; 0.310161
2.83261; 0.306986
2.83595; 0.303807
2.83928; 0.300625
2.84261; 0.297438
2.84595; 0.294249
2.84928; 0.291055
2.85262; 0.287858
2.85595; 0.284657
2.85929; 0.281453
2.86262; 0.278246
2.86596; 0.275034
2.86929; 0.271819
2.87262; 0.268601
2.87596; 0.265379
2.87929; 0.262154
2.88263; 0.258925
2.88596; 0.255693
2.8893; 0.252458
2.89263; 0.24922
2.89597; 0.245978
2.8993; 0.242733
2.90263; 0.239485
2.90597; 0.236233
2.9093; 0.232978
2.91264; 0.229721
2.91597; 0.22646
2.91931; 0.223196
2.92264; 0.219929
2.92598; 0.216659
2.92931; 0.213386
2.93264; 0.21011
2.93598; 0.206831
2.93931; 0.203549
2.94265; 0.200265
2.94598; 0.196977
2.94932; 0.193687
2.95265; 0.190394
2.95599; 0.187097
2.95932; 0.183799
2.96265; 0.180497
2.96599; 0.177193
2.96932; 0.173886
2.97266; 0.170576
2.97599; 0.167264
2.97933; 0.163949
2.98266; 0.160632
2.986; 0.157312
2.98933; 0.153989
2.99266; 0.150665
2.996; 0.147337
2.99933; 0.144007
3.00267; 0.140675
3.006; 0.13734
3.00934; 0.134003
3.01267; 0.130664
3.01601; 0.127322
3.01934; 0.123978
3.02267; 0.120632
3.02601; 0.117283
3.02934; 0.113932
3.03268; 0.110579
3.03601; 0.107224
3.03935; 0.103867
3.04268; 0.100508
3.04602; 0.0971462
3.04935; 0.0937826
3.05268; 0.0904169
3.05602; 0.0870494
3.05935; 0.0836795
3.06269; 0.0803077
3.06602; 0.0769342
3.06936; 0.0735587
3.07269; 0.070181
3.07603; 0.0668016
3.07936; 0.0634206
3.08269; 0.0600376
3.08603; 0.0566526
3.08936; 0.053266
3.0927; 0.0498773
3.09603; 0.0464874
3.09937; 0.0430952
3.1027; 0.0397012
3.10603; 0.0363063
3.10937; 0.0329092
3.1127; 0.0295103
3.11604; 0.0261104
3.11937; 0.0227084
3.12271; 0.0193046
3.12604; 0.0158998
3.12938; 0.0124932
3.13271; 0.00908528
3.13605; 0.00567556
3.13938; 0.00226468
3.14271; -0.00114772
3.14605; -0.00456184
3.14938; -0.00797715
3.15272; -0.0113937
3.15605; -0.0148118
3.15939; -0.0182312
3.16272; -0.021652
3.16606; -0.0250743
3.16939; -0.0284972
3.17272; -0.0319219
3.17606; -0.0353478
3.17939; -0.0387749
3.18273; -0.0422032
3.18606; -0.045633
3.1894; -0.0490636
3.19273; -0.0524954
3.19607; -0.0559287
3.1994; -0.0593627
3.20273; -0.062798
3.20607; -0.0662339
3.2094; -0.0696715
3.21274; -0.0731099
3.21607; -0.0765495
3.21941; -0.0799898
3.22274; -0.0834314
3.22608; -0.086874
3.22941; -0.0903171
3.23274; -0.0937616
3.23608; -0.0972069
3.23941; -0.100653
3.24275; -0.104101
3.24608; -0.107548
3.24942; -0.110997
3.25275; -0.114447
3.25609; -0.117897
3.25942; -0.121349
3.26275; -0.124801
3.26609; -0.128254
3.26942; -0.131708
3.27276; -0.135162
3.27609; -0.138618
3.27943; -0.142074
3.28276; -0.14553
3.2861; -0.148988
3.28943; -0.152446
3.29276; -0.155905
3.2961; -0.159365
3.29943; -0.162825
3.30277; -0.166286
3.3061; -0.169747
3.30944; -0.173209
3.31277; -0.176671
3.31611; -0.180135
3.31944; -0.183599
3.32277; -0.187063
3.32611; -0.190528
3.32944; -0.193994
3.33278; -0.19746
3.33611; -0.200926
3.33945; -0.204393
3.34278; -0.207861
3.34612; -0.211329
3.34945; -0.214798
3.35278; -0.218267
3.35612; -0.221736
3.35945; -0.225206
3.36279; -0.228676
3.36612; -0.232148
3.36946; -0.235619
3.37279; -0.239091
3.37613; -0.242563
3.37946; -0.246036
3.38279; -0.249509
3.38613; -0.252982
3.38946; -0.256456
3.3928; -0.25993
3.39613; -0.263405
3.39947; -0.266879
3.4028; -0.270355
3.40614; -0.27383
3.40947; -0.277307
3.4128; -0.280783
3.41614; -0.284259
3.41947; -0.287736
3.42281; -0.291214
3.42614; -0.294691
3.42948; -0.298169
3.43281; -0.301648
3.43615; -0.305126
3.43948; -0.308605
3.44281; -0.312085
3.44615; -0.315564
3.44948; -0.319044
3.45282; -0.322524
3.45615; -0.326005
3.45949; -0.329485
3.46282; -0.332967
3.46616; -0.336448
3.46949; -0.33993
3.47282; -0.343412
3.47616; -0.346894
3.47949; -0.350377
3.48283; -0.353859
3.48616; -0.357343
3.4895; -0.360827
3.49283; -0.36431
3.49617; -0.367794
3.4995; -0.371279
3.50283; -0.374763
3.50617; -0.378248
3.5095; -0.381733
3.51284; -0.385219
3.51617; -0.388705
3.51951; -0.392191
3.52284; -0.395678
3.52618; -0.399165
3.52951; -0.402652
3.53284; -0.40614
3.53618; -0.409628
3.53951; -0.413116
3.54285; -0.416605
3.54618; -0.420094
3.54952; -0.423583
3.55285; -0.427073
3.55619; -0.430563
3.55952; -0.434053
3.56285; -0.437544
3.56619; -0.441036
3.56952; -0.444527
3.57286; -0.44802
3.57619; -0.451512
3.57953; -0.455005
3.58286; -0.458499
3.5862; -0.461993
3.58953; -0.465487
3.59286; -0.468982
3.5962; -0.472477
3.59953; -0.475973
3.60287; -0.479469
3.6062; -0.482966
3.60954; -0.486463
3.61287; -0.489962
3.61621; -0.49346
3.61954; -0.496959
3.62287; -0.500459
3.62621; -0.503959
3.62954; -0.50746
3.63288; -0.510962
3.63621; -0.514463
3.63955; -0.517966
3.64288; -0.52147
3.64622; -0.524975
3.64955; -0.528479
3.65288; -0.531985
3.65622; -0.535491
3.65955; -0.538998
3.66289; -0.542507
3.66622; -0.546015
3.66956; -0.549525
3.67289; -0.553035
3.67623; -0.556546
3.67956; -0.560059
3.68289; -0.563572
3.68623; -0.567085
3.68956; -0.570601
3.6929; -0.574116
3.69623; -0.577633
3.69957; -0.581151
3.7029; -0.58467
3.70624; -0.58819
3.70957; -0.591711
3.7129; -0.595233
3.71624; -0.598756
3.71957; -0.602281
3.72291; -0.605806
3.72624; -0.609333
3.72958; -0.612861
3.73291; -0.61639
3.73625; -0.61992
3.73958; -0.623452
3.74291; -0.626985
3.74625; -0.63052
3.74958; -0.634056
3.75292; -0.637593
3.75625; -0.641132
3.75959; -0.644672
3.76292; -0.648214
3.76626; -0.651757
3.76959; -0.655302
3.77292; -0.658848
3.77626; -0.662396
3.77959; -0.665946
3.78293; -0.669498
3.78626; -0.673051
3.7896; -0.676605
3.79293; -0.680162
3.79627; -0.683721
3.7996; -0.687281
3.80293; -0.690844
3.80627; -0.694408
3.8096; -0.697974
3.81294; -0.701542
3.81627; -0.705113
3.81961; -0.708685
3.82294; -0.712259
3.82628; -0.715836
3.82961; -0.719415
3.83294; -0.722996
3.83628; -0.726579
3.83961; -0.730165
3.84295; -0.733753
3.84628; -0.737343
3.84962; -0.740937
3.85295; -0.744532
3.85629; -0.74813
3.85962; -0.751731
3.86295; -0.755333
3.86629; -0.758939
3.86962; -0.762548
3.87296; -0.766159
3.87629; -0.769773
3.87963; -0.773391
3.88296; -0.77701
3.8863; -0.780633
3.88963; -0.784258
3.89296; -0.787887
3.8963; -0.791519
3.89963; -0.795154
3.90297; -0.798793
3.9063; -0.802434
3.90964; -0.806079
3.91297; -0.809727
3.91631; -0.813379
3.91964; -0.817033
3.92297; -0.820692
3.92631; -0.824354
3.92964; -0.828019
3.93298; -0.831689
3.93631; -0.835362
3.93965; -0.839038
3.94298; -0.842719
3.94632; -0.846404
3.94965; -0.850092
3.95298; -0.853784
3.95632; -0.857481
3.95965; -0.861182
3.96299; -0.864887
3.96632; -0.868596
3.96966; -0.872309
3.97299; -0.876027
3.97633; -0.879749
3.97966; -0.883475
3.98299; -0.887207
3.98633; -0.890943
3.98966; -0.894683
3.993; -0.898429
3.99633; -0.902179
3.99967; -0.905933
4.003; -0.909694
4.00634; -0.913458
4.00967; -0.917229
4.013; -0.921003
4.01634; -0.924783
4.01967; -0.92857
4.02301; -0.93236
4.02634; -0.936157
4.02968; -0.939959
4.03301; -0.943766
4.03635; -0.94758
4.03968; -0.951398
4.04301; -0.955223
4.04635; -0.959054
4.04968; -0.962889
4.05302; -0.966733
4.05635; -0.970581
4.05969; -0.974436
4.06302; -0.978297
4.06636; -0.982165
4.06969; -0.986038
4.07302; -0.989918
4.07636; -0.993805
4.07969; -0.997698
4.08303; -1.0016
4.08636; -1.00551
4.0897; -1.00942
4.09303; -1.01334
4.09636; -1.01727
4.0997; -1.0212
4.10303; -1.02514
4.10637; -1.0291
4.1097; -1.03305
4.11304; -1.03702
4.11637; -1.04099
4.11971; -1.04497
4.12304; -1.04896
4.12638; -1.05295
4.12971; -1.05695
4.13304; -1.06097
4.13638; -1.06498
4.13971; -1.06901
4.14305; -1.07305
4.14638; -1.07709
4.14972; -1.08115
4.15305; -1.08521
4.15639; -1.08928
4.15972; -1.09336
4.16305; -1.09744
4.16639; -1.10154
4.16972; -1.10565
4.17306; -1.10976
4.17639; -1.11389
4.17973; -1.11802
4.18306; -1.12216
4.1864; -1.12631
4.18973; -1.13048
4.19306; -1.13465
4.1964; -1.13883
4.19973; -1.14302
4.20307; -1.14723
4.2064; -1.15144
4.20974; -1.15566
4.21307; -1.15989
4.21641; -1.16414
4.21974; -1.16839
4.22307; -1.17266
4.22641; -1.17693
4.22974; -1.18122
4.23308; -1.18552
4.23641; -1.18983
4.23975; -1.19415
4.24308; -1.19848
4.24642; -1.20282
4.24975; -1.20718
4.25308; -1.21154
4.25642; -1.21592
4.25975; -1.22031
4.26309; -1.22472
4.26642; -1.22913
4.26976; -1.23356
4.27309; -1.238
4.27643; -1.24245
4.27976; -1.24692
4.28309; -1.2514
4.28643; -1.25589
4.28976; -1.26039
4.2931; -1.26491
4.29643; -1.26944
4.29977; -1.27399
4.3031; -1.27854
4.30644; -1.28312
4.30977; -1.2877
4.3131; -1.2923
4.31644; -1.29692
4.31977; -1.30155
4.32311; -1.30619
4.32644; -1.31084
4.32978; -1.31552
4.33311; -1.3202
4.33645; -1.32491
4.33978; -1.32962
4.34311; -1.33435
4.34645; -1.3391
4.34978; -1.34387
4.35312; -1.34865
4.35645; -1.35344
4.35979; -1.35825
4.36312; -1.36308
4.36646; -1.36792
4.36979; -1.37278
4.37312; -1.37766
4.37646; -1.38255
4.37979; -1.38746
4.38313; -1.39238
4.38646; -1.39733
4.3898; -1.40229
4.39313; -1.40727
4.39647; -1.41226
4.3998; -1.41728
4.40313; -1.42231
4.40647; -1.42736
4.4098; -1.43243
4.41314; -1.43751
4.41647; -1.44262
4.41981; -1.44774
4.42314; -1.45288
4.42648; -1.45804
4.42981; -1.46323
4.43314; -1.46843
4.43648; -1.47364
4.43981; -1.47888
4.44315; -1.48414
4.44648; -1.48942
4.44982; -1.49472
4.45315; -1.50004
4.45649; -1.50538
4.45982; -1.51074
4.46315; -1.51612
4.46649; -1.52152
4.46982; -1.52695
4.47316; -1.53239
4.47649; -1.53786
4.47983; -1.54334
4.48316; -1.54885
4.4865; -1.55439
4.48983; -1.55994
4.49316; -1.56552
4.4965; -1.57112
4.49983; -1.57674
4.50317; -1.58238
4.5065; -1.58805
4.50984; -1.59374
4.51317; -1.59946
4.51651; -1.6052
4.51984; -1.61096
4.52317; -1.61675
4.52651; -1.62256
4.52984; -1.62839
4.53318; -1.63425
4.53651; -1.64014
4.53985; -1.64605
4.54318; -1.65198
4.54651; -1.65794
4.54985; -1.66393
4.55318; -1.66994
4.55652; -1.67598
4.55985; -1.68204
4.56319; -1.68814
4.56652; -1.69425
4.56986; -1.7004
4.57319; -1.70657
4.57653; -1.71277
4.57986; -1.71899
4.58319; -1.72525
4.58653; -1.73153
4.58986; -1.73784
4.5932; -1.74417
4.59653; -1.75054
4.59987; -1.75694
4.6032; -1.76336
4.60654; -1.76981
4.60987; -1.7763
4.6132; -1.78281
4.61654; -1.78935
4.61987; -1.79592
4.62321; -1.80252
4.62654; -1.80916
4.62988; -1.81582
4.63321; -1.82251
4.63655; -1.82924
4.63988; -1.83599
4.64321; -1.84278
4.64655; -1.8496
4.64988; -1.85645
4.65322; -1.86334
4.65655; -1.87025
4.65989; -1.8772
4.66322; -1.88418
4.66656; -1.8912
4.66989; -1.89825
4.67322; -1.90533
4.67656; -1.91245
4.67989; -1.9196
4.68323; -1.92678
4.68656; -1.934
4.6899; -1.94126
4.69323; -1.94854
4.69657; -1.95587
4.6999; -1.96323
4.70323; -1.97063
4.70657; -1.97806
4.7099; -1.98553
4.71324; -1.99303
4.71657; -2.00057
4.71991; -2.00815
4.72324; -2.01577
4.72658; -2.02342
4.72991; -2.03112
4.73324; -2.03884
4.73658; -2.04661
4.73991; -2.05442
4.74325; -2.06227
4.74658; -2.07015
4.74992; -2.07807
4.75325; -2.08604
4.75659; -2.09404
4.75992; -2.10208
4.76325; -2.11017
4.76659; -2.1183
4.76992; -2.12646
4.77326; -2.13467
4.77659; -2.14292
4.77993; -2.15121
4.78326; -2.15954
4.7866; -2.16792
4.78993; -2.17634
4.79326; -2.1848
4.7966; -2.1933
4.79993; -2.20185
4.80327; -2.21044
4.8066; -2.21908
4.80994; -2.22776
4.81327; -2.23648
4.81661; -2.24525
4.81994; -2.25407
4.82327; -2.26293
4.82661; -2.27183
4.82994; -2.28079
4.83328; -2.28978
4.83661; -2.29883
4.83995; -2.30792
4.84328; -2.31706
4.84662; -2.32625
4.84995; -2.33549
4.85328; -2.34477
4.85662; -2.3541
4.85995; -2.36348
4.86329; -2.37291
4.86662; -2.38239
4.86996; -2.39192
4.87329; -2.4015
4.87663; -2.41113
4.87996; -2.42081
4.88329; -2.43054
4.88663; -2.44033
4.88996; -2.45016
4.8933; -2.46005
4.89663; -2.46998
4.89997; -2.47997
4.9033; -2.49002
4.90664; -2.50012
4.90997; -2.51027
4.9133; -2.52047
4.91664; -2.53073
4.91997; -2.54104
4.92331; -2.55141
4.92664; -2.56183
4.92998; -2.57231
4.93331; -2.58285
4.93665; -2.59344
4.93998; -2.60409
4.94331; -2.61479
4.94665; -2.62555
4.94998; -2.63637
4.95332; -2.64725
4.95665; -2.65818
4.95999; -2.66918
4.96332; -2.68023
4.96666; -2.69134
4.96999; -2.70252
4.97332; -2.71375
4.97666; -2.72504
4.97999; -2.73639
4.98333; -2.74781
4.98666; -2.75929
4.99; -2.77082
4.99333; -2.78242
4.99667; -2.79409
5; -2.80581
