-5; -1.37368
-4.99667; -1.37354
-4.99333; -1.37339
-4.99; -1.37325
-4.98666; -1.3731
-4.98333; -1.37294
-4.97999; -1.37275
-4.97666; -1.37259
-4.97332; -1.37243
-4.96999; -1.37226
-4.96666; -1.37205
-4.96332; -1.37193
-4.95999; -1.37186
-4.95665; -1.37175
-4.95332; -1.37168
-4.94998; -1.37156
-4.94665; -1.37148
-4.94331; -1.3714
-4.93998; -1.37127
-4.93665; -1.37119
-4.93331; -1.37105
-4.92998; -1.37091
-4.92664; -1.37082
-4.92331; -1.37067
-4.91997; -1.37057
-4.91664; -1.37042
-4.9133; -1.37027
-4.90997; -1.37015
-4.90664; -1.36999
-4.9033; -1.36983
-4.89997; -1.36971
-4.89663; -1.36954
-4.8933; -1.36937
-4.88996; -1.36919
-4.88663; -1.36902
-4.88329; -1.36884
-4.87996; -1.36865
-4.87663; -1.36851
-4.87329; -1.36832
-4.86996; -1.36824
-4.86662; -1.36815
-4.86329; -1.36806
-4.85995; -1.36796
-4.85662; -1.36786
-4.85328; -1.36776
-4.84995; -1.36761
-4.84662; -1.3675
-4.84328; -1.36739
-4.83995; -1.36728
-4.83661; -1.36716
-4.83328; -1.36704
-4.82994; -1.36687
-4.82661; -1.36674
-4.82327; -1.36661
-4.81994; -1.36648
-4.81661; -1.36629
-4.81327; -1.36615
-4.80994; -1.36601
-4.8066; -1.36582
-4.80327; -1.36567
-4.79993; -1.36547
-4.7966; -1.36531
-4.79326; -1.36511
-4.78993; -1.36495
-4.7866; -1.36474
-4.78326; -1.36457
-4.77993; -1.36437
-4.77659; -1.36431
-4.77326; -1.36421
-4.76992; -1.3641
-4.76659; -1.36403
-4.76325; -1.36392
-4.75992; -1.3638
-4.75659; -1.36367
-4.75325; -1.36359
-4.74992; -1.36346
-4.74658; -1.36333
-4.74325; -1.3632
-4.73991; -1.36306
-4.73658; -1.36296
-4.73324; -1.36281
-4.72991; -1.36266
-4.72658; -1.36251
-4.72324; -1.36235
-4.71991; -1.36219
-4.71657; -1.36203
-4.71324; -1.36187
-4.7099; -1.3617
-4.70657; -1.36152
-4.70323; -1.36135
-4.6999; -1.36117
-4.69657; -1.36094
-4.69323; -1.36075
-4.6899; -1.36057
-4.68656; -1.36037
-4.68323; -1.3602
-4.67989; -1.36008
-4.67656; -1.36
-4.67322; -1.35992
-4.66989; -1.35978
-4.66656; -1.35969
-4.66322; -1.3596
-4.65989; -1.35945
-4.65655; -1.35935
-4.65322; -1.3592
-4.64988; -1.35909
-4.64655; -1.35898
-4.64321; -1.35881
-4.63988; -1.35865
-4.63655; -1.35853
-4.63321; -1.35835
-4.62988; -1.35822
-4.62654; -1.35804
-4.62321; -1.35786
-4.61987; -1.35772
-4.61654; -1.35753
-4.6132; -1.35734
-4.60987; -1.35719
-4.60654; -1.35699
-4.6032; -1.35679
-4.59987; -1.35658
-4.59653; -1.35637
-4.5932; -1.3562
-4.58986; -1.35599
-4.58653; -1.35606
-4.58319; -1.35593
-4.57986; -1.35579
-4.57653; -1.35565
-4.57319; -1.3555
-4.56986; -1.35536
-4.56652; -1.35521
-4.56319; -1.35505
-4.55985; -1.35489
-4.55652; -1.35473
-4.55318; -1.35457
-4.54985; -1.3544
-4.54652; -1.35418
-4.54318; -1.354
-4.53985; -1.35384
-4.53651; -1.35373
-4.53318; -1.35355
-4.52984; -1.35343
-4.52651; -1.3533
-4.52317; -1.35317
-4.51984; -1.35299
-4.51651; -1.35285
-4.51317; -1.35266
-4.50984; -1.35251
-4.5065; -1.35236
-4.50317; -1.35216
-4.49983; -1.352
-4.4965; -1.35179
-4.49316; -1.35163
-4.48983; -1.35144
-4.4865; -1.35129
-4.48316; -1.35118
-4.47983; -1.35102
-4.47649; -1.35091
-4.47316; -1.35074
-4.46982; -1.35057
-4.46649; -1.3504
-4.46315; -1.35027
-4.45982; -1.35009
-4.45649; -1.3499
-4.45315; -1.34971
-4.44982; -1.34957
-4.44648; -1.34937
-4.44315; -1.34917
-4.43981; -1.34907
-4.43648; -1.34893
-4.43314; -1.34879
-4.42981; -1.34864
-4.42648; -1.34849
-4.42314; -1.34834
-4.41981; -1.34818
-4.41647; -1.34802
-4.41314; -1.34786
-4.4098; -1.34769
-4.40647; -1.34752
-4.40313; -1.34735
-4.3998; -1.34712
-4.39647; -1.34693
-4.39313; -1.34675
-4.3898; -1.34652
-4.38646; -1.34635
-4.38313; -1.34623
-4.37979; -1.3461
-4.37646; -1.34596
-4.37312; -1.34578
-4.36979; -1.34563
-4.36646; -1.34544
-4.36312; -1.34529
-4.35979; -1.34514
-4.35645; -1.34493
-4.35312; -1.34477
-4.34978; -1.34456
-4.34645; -1.34439
-4.34311; -1.34417
-4.33978; -1.34395
-4.33645; -1.34385
-4.33311; -1.34369
-4.32978; -1.34358
-4.32644; -1.34341
-4.32311; -1.34324
-4.31977; -1.34306
-4.31644; -1.34293
-4.3131; -1.34275
-4.30977; -1.34256
-4.30644; -1.34237
-4.3031; -1.34223
-4.29977; -1.34203
-4.29643; -1.34182
-4.2931; -1.34162
-4.28976; -1.34141
-4.28643; -1.34125
-4.28309; -1.34111
-4.27976; -1.34096
-4.27643; -1.34081
-4.27309; -1.34065
-4.26976; -1.34049
-4.26642; -1.34033
-4.26309; -1.34016
-4.25975; -1.33999
-4.25642; -1.33982
-4.25308; -1.33958
-4.24975; -1.3394
-4.24642; -1.33921
-4.24308; -1.33902
-4.23975; -1.33877
-4.23641; -1.33859
-4.23308; -1.33847
-4.22974; -1.33828
-4.22641; -1.33815
-4.22307; -1.33801
-4.21974; -1.33781
-4.21641; -1.33767
-4.21307; -1.33746
-4.20974; -1.33731
-4.2064; -1.33715
-4.20307; -1.33693
-4.19973; -1.33671
-4.1964; -1.33654
-4.19306; -1.33631
-4.18973; -1.33614
-4.1864; -1.3359
-4.18306; -1.33564
-4.17973; -1.33553
-4.17639; -1.33536
-4.17306; -1.33519
-4.16972; -1.33507
-4.16639; -1.33489
-4.16305; -1.33471
-4.15972; -1.33452
-4.15639; -1.33432
-4.15305; -1.33418
-4.14972; -1.33398
-4.14638; -1.33378
-4.14305; -1.33357
-4.13971; -1.33336
-4.13638; -1.33314
-4.13304; -1.33292
-4.12971; -1.33274
-4.12638; -1.33259
-4.12304; -1.33244
-4.11971; -1.33229
-4.11637; -1.33213
-4.11304; -1.33196
-4.1097; -1.33174
-4.10637; -1.33156
-4.10303; -1.33139
-4.0997; -1.33121
-4.09637; -1.33102
-4.09303; -1.33077
-4.0897; -1.33058
-4.08636; -1.33038
-4.08303; -1.33012
-4.07969; -1.32992
-4.07636; -1.32975
-4.07302; -1.32956
-4.06969; -1.32942
-4.06636; -1.32923
-4.06302; -1.32908
-4.05969; -1.32887
-4.05635; -1.32872
-4.05302; -1.32851
-4.04968; -1.32835
-4.04635; -1.32812
-4.04301; -1.32795
-4.03968; -1.32772
-4.03635; -1.32748
-4.03301; -1.3273
-4.02968; -1.32706
-4.02634; -1.32681
-4.02301; -1.32652
-4.01967; -1.32641
-4.01634; -1.32624
-4.013; -1.32606
-4.00967; -1.32588
-4.00634; -1.32569
-4.003; -1.32556
-3.99967; -1.32537
-3.99633; -1.32517
-3.993; -1.32496
-3.98966; -1.32476
-3.98633; -1.32454
-3.98299; -1.32433
-3.97966; -1.32411
-3.97633; -1.32388
-3.97299; -1.32365
-3.96966; -1.32336
-3.96632; -1.32318
-3.96299; -1.32303
-3.95965; -1.32287
-3.95632; -1.32271
-3.95298; -1.32255
-3.94965; -1.32231
-3.94632; -1.32214
-3.94298; -1.32196
-3.93965; -1.32171
-3.93631; -1.32152
-3.93298; -1.32133
-3.92964; -1.32107
-3.92631; -1.32087
-3.92297; -1.32066
-3.91964; -1.32039
-3.91631; -1.32018
-3.91297; -1.3199
-3.90964; -1.31977
-3.9063; -1.31957
-3.90297; -1.31943
-3.89963; -1.31922
-3.8963; -1.31901
-3.89296; -1.31886
-3.88963; -1.31863
-3.8863; -1.31841
-3.88296; -1.31824
-3.87963; -1.31801
-3.87629; -1.31777
-3.87296; -1.31752
-3.86962; -1.31734
-3.86629; -1.31709
-3.86295; -1.31683
-3.85962; -1.31657
-3.85629; -1.31631
-3.85295; -1.31614
-3.84962; -1.31596
-3.84628; -1.31578
-3.84295; -1.31559
-3.83961; -1.3154
-3.83628; -1.3152
-3.83294; -1.315
-3.82961; -1.31479
-3.82628; -1.31458
-3.82294; -1.31436
-3.81961; -1.31414
-3.81627; -1.31392
-3.81294; -1.31369
-3.8096; -1.31339
-3.80627; -1.31315
-3.80293; -1.31291
-3.7996; -1.31266
-3.79627; -1.31245
-3.79293; -1.31229
-3.7896; -1.31213
-3.78626; -1.3119
-3.78293; -1.31173
-3.77959; -1.31156
-3.77626; -1.31131
-3.77292; -1.31113
-3.76959; -1.31088
-3.76626; -1.31068
-3.76292; -1.31042
-3.75959; -1.31022
-3.75625; -1.30994
-3.75292; -1.30973
-3.74958; -1.30945
-3.74625; -1.30916
-3.74291; -1.30894
-3.73958; -1.30866
-3.73625; -1.30846
-3.73291; -1.30833
-3.72958; -1.30812
-3.72624; -1.3079
-3.72291; -1.30769
-3.71957; -1.30746
-3.71624; -1.3073
-3.7129; -1.30707
-3.70957; -1.30683
-3.70624; -1.30659
-3.7029; -1.30634
-3.69957; -1.30609
-3.69623; -1.30583
-3.6929; -1.30557
-3.68956; -1.3053
-3.68623; -1.30503
-3.68289; -1.30476
-3.67956; -1.30459
-3.67623; -1.30441
-3.67289; -1.30422
-3.66956; -1.30396
-3.66622; -1.30377
-3.66289; -1.30357
-3.65955; -1.30336
-3.65622; -1.30315
-3.65288; -1.30287
-3.64955; -1.30265
-3.64622; -1.30243
-3.64288; -1.30213
-3.63955; -1.30189
-3.63621; -1.30165
-3.63288; -1.30134
-3.62954; -1.30109
-3.62621; -1.30077
-3.62287; -1.30054
-3.61954; -1.30031
-3.61621; -1.30016
-3.61287; -1.29992
-3.60954; -1.29976
-3.6062; -1.29951
-3.60287; -1.29934
-3.59953; -1.29908
-3.5962; -1.29882
-3.59286; -1.29863
-3.58953; -1.29836
-3.5862; -1.29809
-3.58286; -1.29781
-3.57953; -1.2976
-3.57619; -1.29731
-3.57286; -1.29701
-3.56952; -1.29671
-3.56619; -1.29641
-3.56285; -1.29612
-3.55952; -1.29599
-3.55619; -1.29579
-3.55285; -1.29558
-3.54952; -1.29537
-3.54618; -1.29515
-3.54285; -1.29492
-3.53951; -1.29469
-3.53618; -1.29446
-3.53284; -1.29415
-3.52951; -1.2939
-3.52618; -1.29365
-3.52284; -1.29339
-3.51951; -1.29313
-3.51617; -1.29287
-3.51284; -1.29252
-3.5095; -1.29224
-3.50617; -1.29196
-3.50283; -1.29167
-3.4995; -1.29141
-3.49617; -1.29123
-3.49283; -1.29105
-3.4895; -1.29079
-3.48616; -1.2906
-3.48283; -1.29033
-3.47949; -1.29013
-3.47616; -1.28985
-3.47282; -1.28963
-3.46949; -1.28934
-3.46616; -1.28912
-3.46282; -1.28881
-3.45949; -1.28858
-3.45615; -1.28826
-3.45282; -1.28794
-3.44948; -1.28769
-3.44615; -1.28736
-3.44281; -1.28703
-3.43948; -1.28674
-3.43615; -1.28652
-3.43281; -1.28629
-3.42948; -1.28606
-3.42614; -1.2859
-3.42281; -1.28566
-3.41947; -1.2854
-3.41614; -1.28515
-3.4128; -1.28489
-3.40947; -1.28462
-3.40614; -1.28435
-3.4028; -1.28407
-3.39947; -1.28379
-3.39613; -1.2835
-3.3928; -1.28321
-3.38946; -1.28291
-3.38613; -1.2826
-3.38279; -1.28229
-3.37946; -1.28198
-3.37613; -1.28176
-3.37279; -1.28155
-3.36946; -1.28133
-3.36612; -1.28106
-3.36279; -1.28083
-3.35945; -1.28056
-3.35612; -1.28031
-3.35278; -1.28003
-3.34945; -1.27973
-3.34612; -1.27947
-3.34278; -1.27918
-3.33945; -1.27889
-3.33611; -1.27859
-3.33278; -1.27828
-3.32944; -1.27797
-3.32611; -1.27765
-3.32277; -1.27733
-3.31944; -1.27701
-3.31611; -1.27667
-3.31277; -1.27633
-3.30944; -1.27609
-3.3061; -1.27588
-3.30277; -1.27566
-3.29943; -1.2754
-3.2961; -1.27517
-3.29276; -1.27494
-3.28943; -1.27466
-3.2861; -1.27441
-3.28276; -1.27412
-3.27943; -1.27382
-3.27609; -1.27356
-3.27276; -1.27325
-3.26942; -1.27293
-3.26609; -1.27261
-3.26275; -1.27229
-3.25942; -1.27195
-3.25609; -1.27166
-3.25275; -1.27131
-3.24942; -1.27092
-3.24608; -1.27063
-3.24275; -1.2704
-3.23941; -1.27018
-3.23608; -1.26994
-3.23274; -1.2697
-3.22941; -1.26942
-3.22608; -1.26916
-3.22274; -1.26886
-3.21941; -1.2686
-3.21607; -1.26829
-3.21274; -1.26801
-3.2094; -1.26769
-3.20607; -1.2674
-3.20273; -1.26706
-3.1994; -1.26672
-3.19607; -1.26637
-3.19273; -1.26606
-3.1894; -1.2657
-3.18606; -1.26534
-3.18273; -1.26497
-3.17939; -1.26467
-3.17606; -1.26444
-3.17272; -1.2642
-3.16939; -1.26396
-3.16606; -1.26367
-3.16272; -1.26341
-3.15939; -1.26315
-3.15605; -1.26288
-3.15272; -1.26256
-3.14938; -1.26228
-3.14605; -1.26195
-3.14271; -1.26166
-3.13938; -1.26132
-3.13605; -1.26101
-3.13271; -1.26066
-3.12938; -1.2603
-3.12604; -1.25997
-3.12271; -1.2596
-3.11937; -1.25922
-3.11604; -1.25884
-3.1127; -1.25842
-3.10937; -1.25818
-3.10604; -1.25794
-3.1027; -1.25768
-3.09937; -1.25742
-3.09603; -1.25716
-3.0927; -1.25689
-3.08936; -1.25656
-3.08603; -1.25628
-3.08269; -1.25599
-3.07936; -1.25564
-3.07603; -1.25534
-3.07269; -1.25503
-3.06936; -1.25467
-3.06602; -1.2543
-3.06269; -1.25397
-3.05935; -1.25359
-3.05602; -1.2532
-3.05268; -1.25285
-3.04935; -1.25245
-3.04602; -1.25205
-3.04268; -1.2519
-3.03935; -1.2516
-3.03601; -1.25129
-3.03268; -1.25098
-3.02934; -1.25066
-3.02601; -1.25033
-3.02267; -1.24999
-3.01934; -1.24965
-3.01601; -1.24931
-3.01267; -1.24891
-3.00934; -1.24856
-3.006; -1.24828
-3.00267; -1.24794
-2.99933; -1.24765
-2.996; -1.2473
-2.99266; -1.24699
-2.98933; -1.24663
-2.986; -1.24626
-2.98266; -1.24593
-2.97933; -1.24555
-2.97599; -1.24516
-2.97266; -1.24481
-2.96932; -1.2445
-2.96599; -1.24422
-2.96265; -1.24389
-2.95932; -1.24356
-2.95599; -1.24317
-2.95265; -1.24282
-2.94932; -1.24246
-2.94598; -1.2421
-2.94265; -1.24173
-2.93931; -1.24131
-2.93598; -1.24107
-2.93264; -1.24077
-2.92931; -1.24041
-2.92598; -1.2401
-2.92264; -1.23973
-2.91931; -1.23941
-2.91597; -1.23903
-2.91264; -1.23868
-2.9093; -1.23829
-2.90597; -1.23789
-2.90263; -1.23743
-2.8993; -1.2371
-2.89597; -1.23682
-2.89263; -1.23649
-2.8893; -1.23614
-2.88596; -1.23579
-2.88263; -1.23543
-2.87929; -1.23506
-2.87596; -1.23464
-2.87262; -1.23426
-2.86929; -1.23388
-2.86596; -1.2335
-2.86262; -1.23315
-2.85929; -1.23283
-2.85595; -1.23247
-2.85262; -1.23214
-2.84928; -1.2318
-2.84595; -1.23141
-2.84261; -1.23101
-2.83928; -1.23066
-2.83595; -1.23025
-2.83261; -1.22983
-2.82928; -1.22942
-2.82594; -1.22913
-2.82261; -1.22879
-2.81927; -1.22843
-2.81594; -1.22807
-2.8126; -1.22771
-2.80927; -1.22733
-2.80594; -1.22695
-2.8026; -1.22651
-2.79927; -1.22612
-2.79593; -1.22572
-2.7926; -1.22531
-2.78926; -1.22494
-2.78593; -1.22461
-2.78259; -1.22428
-2.77926; -1.22389
-2.77593; -1.22354
-2.77259; -1.22313
-2.76926; -1.22272
-2.76592; -1.22234
-2.76259; -1.22192
-2.75925; -1.22148
-2.75592; -1.22109
-2.75258; -1.22066
-2.74925; -1.2203
-2.74592; -1.21994
-2.74258; -1.21957
-2.73925; -1.21919
-2.73591; -1.21881
-2.73258; -1.21842
-2.72924; -1.21802
-2.72591; -1.21756
-2.72257; -1.21714
-2.71924; -1.21672
-2.71591; -1.21627
-2.71257; -1.21594
-2.70924; -1.2156
-2.7059; -1.2152
-2.70257; -1.21484
-2.69923; -1.21442
-2.6959; -1.214
-2.69256; -1.21362
-2.68923; -1.21318
-2.6859; -1.21273
-2.68256; -1.21233
-2.67923; -1.21187
-2.67589; -1.21148
-2.67256; -1.21111
-2.66922; -1.21073
-2.66589; -1.21034
-2.66255; -1.20994
-2.65922; -1.20954
-2.65589; -1.20912
-2.65255; -1.20865
-2.64922; -1.20822
-2.64588; -1.20778
-2.64255; -1.20729
-2.63921; -1.2068
-2.63588; -1.20646
-2.63254; -1.20605
-2.62921; -1.20569
-2.62588; -1.20526
-2.62254; -1.20483
-2.61921; -1.20445
-2.61587; -1.204
-2.61254; -1.20354
-2.6092; -1.20313
-2.60587; -1.20266
-2.60253; -1.20218
-2.5992; -1.20173
-2.59587; -1.20135
-2.59253; -1.20096
-2.5892; -1.20056
-2.58586; -1.20015
-2.58253; -1.19973
-2.57919; -1.19925
-2.57586; -1.19882
-2.57252; -1.19838
-2.56919; -1.19788
-2.56586; -1.19742
-2.56252; -1.19696
-2.55919; -1.19647
-2.55585; -1.19611
-2.55252; -1.19568
-2.54918; -1.19524
-2.54585; -1.19485
-2.54251; -1.1944
-2.53918; -1.19393
-2.53585; -1.19346
-2.53251; -1.19304
-2.52918; -1.19255
-2.52584; -1.19206
-2.52251; -1.19156
-2.51917; -1.19107
-2.51584; -1.19068
-2.5125; -1.19027
-2.50917; -1.1898
-2.50584; -1.18937
-2.5025; -1.18894
-2.49917; -1.1885
-2.49583; -1.18799
-2.4925; -1.18754
-2.48916; -1.18707
-2.48583; -1.18654
-2.48249; -1.18606
-2.47916; -1.18551
-2.47583; -1.18507
-2.47249; -1.18469
-2.46916; -1.18425
-2.46582; -1.18379
-2.46249; -1.18332
-2.45915; -1.18291
-2.45582; -1.18243
-2.45248; -1.18194
-2.44915; -1.18144
-2.44582; -1.18093
-2.44248; -1.18041
-2.43915; -1.17989
-2.43581; -1.17931
-2.43248; -1.1789
-2.42914; -1.17848
-2.42581; -1.17805
-2.42247; -1.17755
-2.41914; -1.1771
-2.41581; -1.17658
-2.41247; -1.17611
-2.40914; -1.17558
-2.4058; -1.17509
-2.40247; -1.17454
-2.39913; -1.17404
-2.3958; -1.17347
-2.39246; -1.173
-2.38913; -1.17255
-2.3858; -1.17208
-2.38246; -1.17167
-2.37913; -1.17119
-2.37579; -1.17069
-2.37246; -1.17019
-2.36912; -1.16962
-2.36579; -1.1691
-2.36245; -1.16857
-2.35912; -1.16803
-2.35579; -1.16749
-2.35245; -1.16688
-2.34912; -1.16645
-2.34578; -1.16602
-2.34245; -1.16551
-2.33911; -1.16506
-2.33578; -1.16453
-2.33244; -1.16406
-2.32911; -1.16352
-2.32578; -1.16296
-2.32244; -1.16246
-2.31911; -1.16189
-2.31577; -1.16131
-2.31244; -1.16072
-2.3091; -1.16013
-2.30577; -1.15967
-2.30243; -1.15919
-2.2991; -1.15871
-2.29577; -1.15822
-2.29243; -1.15771
-2.2891; -1.1572
-2.28576; -1.15668
-2.28243; -1.15615
-2.27909; -1.15555
-2.27576; -1.155
-2.27242; -1.15437
-2.26909; -1.1538
-2.26576; -1.15323
-2.26242; -1.1527
-2.25909; -1.15219
-2.25575; -1.15174
-2.25242; -1.15121
-2.24908; -1.15067
-2.24575; -1.15018
-2.24241; -1.14962
-2.23908; -1.14905
-2.23575; -1.14847
-2.23241; -1.14788
-2.22908; -1.14729
-2.22574; -1.14668
-2.22241; -1.14606
-2.21907; -1.14547
-2.21574; -1.14498
-2.2124; -1.14449
-2.20907; -1.14392
-2.20574; -1.14341
-2.2024; -1.14288
-2.19907; -1.14228
-2.19573; -1.14174
-2.1924; -1.14112
-2.18906; -1.14056
-2.18573; -1.13992
-2.18239; -1.13933
-2.17906; -1.13867
-2.17573; -1.138
-2.17239; -1.13757
-2.16906; -1.13706
-2.16572; -1.1365
-2.16239; -1.13592
-2.15905; -1.13534
-2.15572; -1.13475
-2.15238; -1.13415
-2.14905; -1.13355
-2.14572; -1.13295
-2.14238; -1.1323
-2.13905; -1.13168
-2.13571; -1.13104
-2.13238; -1.13036
-2.12904; -1.12968
-2.12571; -1.12914
-2.12237; -1.1286
-2.11904; -1.12809
-2.11571; -1.12749
-2.11237; -1.12693
-2.10904; -1.12635
-2.1057; -1.12575
-2.10237; -1.12512
-2.09903; -1.12451
-2.0957; -1.12385
-2.09236; -1.12318
-2.08903; -1.12254
-2.0857; -1.12185
-2.08236; -1.12115
-2.07903; -1.12059
-2.07569; -1.12
-2.07236; -1.11944
-2.06902; -1.11887
-2.06569; -1.11825
-2.06235; -1.11766
-2.05902; -1.11702
-2.05569; -1.11641
-2.05235; -1.11574
-2.04902; -1.11507
-2.04568; -1.11439
-2.04235; -1.1137
-2.03901; -1.11299
-2.03568; -1.11224
-2.03234; -1.11161
-2.02901; -1.11106
-2.02568; -1.11046
-2.02234; -1.10985
-2.01901; -1.10927
-2.01567; -1.10864
-2.01234; -1.108
-2.009; -1.10734
-2.00567; -1.10668
-2.00233; -1.106
-1.999; -1.10528
-1.99567; -1.10458
-1.99233; -1.10387
-1.989; -1.10312
-1.98566; -1.10239
-1.98233; -1.10171
-1.97899; -1.10111
-1.97566; -1.1005
-1.97232; -1.09988
-1.96899; -1.09925
-1.96566; -1.0986
-1.96232; -1.09795
-1.95899; -1.09724
-1.95565; -1.09656
-1.95232; -1.09583
-1.94898; -1.09513
-1.94565; -1.09438
-1.94231; -1.09361
-1.93898; -1.09284
-1.93565; -1.09206
-1.93231; -1.09156
-1.92898; -1.09089
-1.92564; -1.09022
-1.92231; -1.08949
-1.91897; -1.08879
-1.91564; -1.08803
-1.9123; -1.08731
-1.90897; -1.08657
-1.90564; -1.08588
-1.9023; -1.08519
-1.89897; -1.08448
-1.89563; -1.08376
-1.8923; -1.08302
-1.88896; -1.08228
-1.88563; -1.08148
-1.88229; -1.08079
-1.87896; -1.08007
-1.87563; -1.07939
-1.87229; -1.07865
-1.86896; -1.0779
-1.86562; -1.07713
-1.86229; -1.07636
-1.85895; -1.07557
-1.85562; -1.07493
-1.85228; -1.07423
-1.84895; -1.07347
-1.84562; -1.07274
-1.84228; -1.07196
-1.83895; -1.07121
-1.83561; -1.07041
-1.83228; -1.06956
-1.82894; -1.06884
-1.82561; -1.06811
-1.82227; -1.06736
-1.81894; -1.06661
-1.81561; -1.06584
-1.81227; -1.06502
-1.80894; -1.06423
-1.8056; -1.06341
-1.80227; -1.06271
-1.79893; -1.06195
-1.7956; -1.06117
-1.79226; -1.06039
-1.78893; -1.05959
-1.7856; -1.05879
-1.78226; -1.05797
-1.77893; -1.05716
-1.77559; -1.05639
-1.77226; -1.05564
-1.76892; -1.05484
-1.76559; -1.05408
-1.76225; -1.05325
-1.75892; -1.05241
-1.75559; -1.05156
-1.75225; -1.05072
-1.74892; -1.04996
-1.74558; -1.04919
-1.74225; -1.0484
-1.73891; -1.04756
-1.73558; -1.04675
-1.73224; -1.04588
-1.72891; -1.04504
-1.72558; -1.04415
-1.72224; -1.04332
-1.71891; -1.04253
-1.71557; -1.04172
-1.71224; -1.04089
-1.7089; -1.04006
-1.70557; -1.03921
-1.70223; -1.0383
-1.6989; -1.03743
-1.69557; -1.03658
-1.69223; -1.0358
-1.6889; -1.03497
-1.68556; -1.03412
-1.68223; -1.03325
-1.67889; -1.03238
-1.67556; -1.03149
-1.67222; -1.03059
-1.66889; -1.02971
-1.66556; -1.02886
-1.66222; -1.02804
-1.65889; -1.02716
-1.65555; -1.02632
-1.65222; -1.02541
-1.64888; -1.02449
-1.64555; -1.02356
-1.64221; -1.02261
-1.63888; -1.02172
-1.63555; -1.02088
-1.63221; -1.02003
-1.62888; -1.01912
-1.62554; -1.01823
-1.62221; -1.01729
-1.61887; -1.01638
-1.61554; -1.01541
-1.6122; -1.01447
-1.60887; -1.0136
-1.60554; -1.01272
-1.6022; -1.01183
-1.59887; -1.01092
-1.59553; -1.01
-1.5922; -1.00902
-1.58886; -1.00807
-1.58553; -1.00706
-1.58219; -1.00611
-1.57886; -1.00525
-1.57553; -1.00434
-1.57219; -1.0034
-1.56886; -1.00246
-1.56552; -1.0015
-1.56219; -1.00052
-1.55885; -0.999489
-1.55552; -0.998487
-1.55218; -0.997572
-1.54885; -0.996633
-1.54552; -0.995681
-1.54218; -0.994763
-1.53885; -0.993782
-1.53551; -0.992786
-1.53218; -0.991777
-1.52884; -0.990753
-1.52551; -0.989715
-1.52217; -0.988723
-1.51884; -0.987803
-1.51551; -0.986818
-1.51217; -0.985869
-1.50884; -0.984855
-1.5055; -0.983826
-1.50217; -0.982832
-1.49883; -0.981775
-1.4955; -0.980703
-1.49216; -0.979679
-1.48883; -0.978673
-1.4855; -0.977705
-1.48216; -0.976721
-1.47883; -0.975671
-1.47549; -0.974657
-1.47216; -0.973578
-1.46882; -0.972484
-1.46549; -0.971376
-1.46215; -0.970369
-1.45882; -0.969329
-1.45549; -0.968327
-1.45215; -0.967309
-1.44882; -0.966276
-1.44548; -0.965227
-1.44215; -0.964112
-1.43881; -0.962983
-1.43548; -0.961889
-1.43214; -0.960739
-1.42881; -0.959722
-1.42548; -0.958688
-1.42214; -0.957639
-1.41881; -0.956575
-1.41547; -0.955495
-1.41214; -0.9544
-1.4088; -0.953237
-1.40547; -0.952111
-1.40213; -0.950919
-1.3988; -0.949851
-1.39547; -0.948788
-1.39213; -0.94771
-1.3888; -0.946616
-1.38546; -0.945506
-1.38213; -0.94438
-1.37879; -0.943239
-1.37546; -0.942029
-1.37212; -0.940857
-1.36879; -0.939669
-1.36546; -0.938559
-1.36212; -0.937454
-1.35879; -0.936388
-1.35545; -0.935251
-1.35212; -0.934098
-1.34878; -0.932929
-1.34545; -0.931745
-1.34211; -0.930544
-1.33878; -0.929275
-1.33545; -0.928017
-1.33211; -0.926885
-1.32878; -0.925793
-1.32544; -0.924628
-1.32211; -0.923447
-1.31877; -0.922305
-1.31544; -0.921091
-1.3121; -0.919861
-1.30877; -0.91856
-1.30544; -0.917299
-1.3021; -0.916022
-1.29877; -0.914964
-1.29543; -0.913778
-1.2921; -0.912547
-1.28876; -0.911327
-1.28543; -0.910091
-1.28209; -0.908831
-1.27876; -0.907556
-1.27543; -0.906264
-1.27209; -0.904957
-1.26876; -0.903606
-1.26542; -0.902414
-1.26209; -0.901216
-1.25875; -0.9
-1.25542; -0.898767
-1.25208; -0.897517
-1.24875; -0.896221
-1.24542; -0.894909
-1.24208; -0.89358
-1.23875; -0.892235
-1.23541; -0.890874
-1.23208; -0.889569
-1.22874; -0.88833
-1.22541; -0.887072
-1.22207; -0.885797
-1.21874; -0.884505
-1.21541; -0.883196
-1.21207; -0.88184
-1.20874; -0.880496
-1.2054; -0.879107
-1.20207; -0.877702
-1.19873; -0.876279
-1.1954; -0.87497
-1.19206; -0.873712
-1.18873; -0.872406
-1.1854; -0.871083
-1.18206; -0.869742
-1.17873; -0.868353
-1.17539; -0.866977
-1.17206; -0.865555
-1.16872; -0.864115
-1.16539; -0.862658
-1.16205; -0.861185
-1.15872; -0.859815
-1.15539; -0.858508
-1.15205; -0.857153
-1.14872; -0.855779
-1.14538; -0.854387
-1.14205; -0.852977
-1.13871; -0.851519
-1.13538; -0.850044
-1.13204; -0.848552
-1.12871; -0.847043
-1.12538; -0.845516
-1.12204; -0.84424
-1.11871; -0.842794
-1.11537; -0.841331
-1.11204; -0.83985
-1.1087; -0.838351
-1.10537; -0.836867
-1.10203; -0.835407
-1.0987; -0.833959
-1.09537; -0.832462
-1.09203; -0.830947
-1.0887; -0.829383
-1.08536; -0.8279
-1.08203; -0.826408
-1.07869; -0.824897
-1.07536; -0.823368
-1.07202; -0.821821
-1.06869; -0.820256
-1.06536; -0.818778
-1.06202; -0.817287
-1.05869; -0.815745
-1.05535; -0.814185
-1.05202; -0.812575
-1.04868; -0.810947
-1.04535; -0.809413
-1.04201; -0.807892
-1.03868; -0.806321
-1.03535; -0.804699
-1.03201; -0.803091
-1.02868; -0.801484
-1.02534; -0.79992
-1.02201; -0.798338
-1.01867; -0.796736
-1.01534; -0.795116
-1.012; -0.793446
-1.00867; -0.791813
-1.00534; -0.79022
-1.002; -0.788607
-0.998666; -0.786976
-0.995332; -0.785293
-0.991997; -0.783624
-0.988663; -0.781924
-0.985329; -0.7803
-0.981994; -0.778658
-0.97866; -0.776996
-0.975325; -0.775282
-0.971991; -0.773582
-0.968656; -0.771803
-0.965322; -0.770155
-0.961987; -0.768486
-0.958653; -0.766765
-0.955319; -0.765058
-0.951984; -0.763299
-0.94865; -0.761521
-0.945315; -0.759826
-0.941981; -0.75813
-0.938646; -0.75638
-0.935312; -0.754645
-0.931977; -0.752858
-0.928643; -0.751051
-0.925309; -0.749292
-0.921974; -0.747533
-0.91864; -0.745787
-0.915305; -0.743988
-0.911971; -0.742171
-0.908636; -0.740333
-0.905302; -0.73847
-0.901967; -0.736688
-0.898633; -0.73492
-0.895299; -0.733098
-0.891964; -0.731257
-0.88863; -0.729396
-0.885295; -0.727484
-0.881961; -0.725672
-0.878626; -0.723844
-0.875292; -0.721996
-0.871957; -0.720128
-0.868623; -0.718241
-0.865289; -0.716301
-0.861954; -0.714391
-0.85862; -0.712538
-0.855285; -0.710665
-0.851951; -0.708772
-0.848616; -0.706825
-0.845282; -0.704892
-0.841947; -0.702906
-0.838613; -0.70096
-0.835279; -0.699065
-0.831944; -0.697151
-0.82861; -0.695182
-0.825275; -0.693227
-0.821941; -0.691219
-0.818606; -0.689191
-0.815272; -0.687233
-0.811937; -0.685265
-0.808603; -0.683312
-0.805269; -0.681304
-0.801934; -0.679275
-0.7986; -0.677228
-0.795265; -0.67516
-0.791931; -0.673117
-0.788596; -0.671108
-0.785262; -0.669114
-0.781927; -0.667065
-0.778593; -0.664961
-0.775259; -0.662872
-0.771924; -0.660729
-0.76859; -0.658702
-0.765255; -0.656653
-0.761921; -0.654584
-0.758586; -0.652459
-0.755252; -0.65035
-0.751917; -0.648186
-0.748583; -0.646003
-0.745249; -0.643882
-0.741914; -0.641796
-0.73858; -0.63969
-0.735245; -0.637529
-0.731911; -0.635347
-0.728576; -0.63318
-0.725242; -0.630925
-0.721907; -0.628729
-0.718573; -0.626608
-0.715239; -0.624431
-0.711904; -0.622234
-0.70857; -0.620017
-0.705235; -0.617779
-0.701901; -0.615522
-0.698566; -0.613212
-0.695232; -0.611009
-0.691897; -0.6088
-0.688563; -0.606571
-0.685229; -0.604321
-0.681894; -0.602016
-0.67856; -0.599726
-0.675225; -0.597382
-0.671891; -0.595046
-0.668556; -0.592805
-0.665222; -0.590507
-0.661887; -0.588224
-0.658553; -0.585886
-0.655219; -0.583527
-0.651884; -0.58115
-0.64855; -0.578753
-0.645215; -0.576446
-0.641881; -0.574098
-0.638546; -0.571747
-0.635212; -0.569359
-0.631877; -0.566945
-0.628543; -0.564517
-0.625209; -0.56207
-0.621874; -0.559604
-0.61854; -0.557204
-0.615205; -0.55483
-0.611871; -0.552417
-0.608536; -0.549984
-0.605202; -0.547531
-0.601867; -0.545041
-0.598533; -0.542532
-0.595199; -0.540004
-0.591864; -0.537528
-0.58853; -0.535087
-0.585195; -0.532608
-0.581861; -0.530108
-0.578526; -0.527589
-0.575192; -0.525034
-0.571857; -0.522459
-0.568523; -0.519867
-0.565189; -0.517289
-0.561854; -0.514791
-0.55852; -0.512272
-0.555185; -0.509716
-0.551851; -0.507141
-0.548516; -0.504529
-0.545182; -0.501898
-0.541847; -0.499249
-0.538513; -0.496565
-0.535179; -0.493979
-0.531844; -0.491387
-0.52851; -0.488774
-0.525175; -0.486143
-0.521841; -0.483492
-0.518506; -0.480806
-0.515172; -0.478101
-0.511837; -0.475362
-0.508503; -0.472693
-0.505168; -0.470022
-0.501834; -0.467332
-0.4985; -0.464606
-0.495165; -0.461846
-0.491831; -0.459118
-0.488496; -0.456394
-0.485162; -0.453651
-0.481827; -0.450873
-0.478493; -0.448092
-0.475159; -0.445335
-0.471824; -0.442561
-0.46849; -0.439768
-0.465155; -0.436958
-0.461821; -0.43418
-0.458486; -0.431374
-0.455152; -0.428551
-0.451817; -0.42571
-0.448483; -0.422852
-0.445149; -0.420011
-0.441814; -0.417175
-0.43848; -0.414305
-0.435145; -0.411419
-0.431811; -0.408533
-0.428476; -0.405669
-0.425142; -0.402788
-0.421807; -0.399889
-0.418473; -0.396959
-0.415139; -0.394043
-0.411804; -0.39115
-0.40847; -0.388225
-0.405135; -0.385283
-0.401801; -0.382309
-0.398466; -0.37936
-0.395132; -0.376423
-0.391797; -0.373455
-0.388463; -0.370471
-0.385129; -0.367472
-0.381794; -0.364469
-0.37846; -0.361494
-0.375125; -0.358503
-0.371791; -0.355481
-0.368456; -0.352445
-0.365122; -0.349417
-0.361787; -0.346404
-0.358453; -0.343375
-0.355119; -0.340317
-0.351784; -0.337245
-0.34845; -0.334185
-0.345115; -0.331135
-0.341781; -0.32807
-0.338446; -0.324976
-0.335112; -0.321869
-0.331777; -0.318746
-0.328443; -0.31568
-0.325108; -0.312584
-0.321774; -0.309461
-0.31844; -0.306339
-0.315105; -0.303191
-0.311771; -0.300067
-0.308436; -0.296956
-0.305102; -0.293804
-0.301767; -0.290653
-0.298433; -0.287477
-0.295099; -0.284312
-0.291764; -0.281159
-0.28843; -0.277995
-0.285095; -0.274819
-0.281761; -0.271619
-0.278426; -0.268408
-0.275092; -0.265233
-0.271757; -0.262047
-0.268423; -0.25885
-0.265088; -0.25563
-0.261754; -0.252413
-0.25842; -0.249165
-0.255085; -0.245974
-0.251751; -0.24276
-0.248416; -0.239537
-0.245082; -0.236292
-0.241747; -0.233039
-0.238413; -0.229769
-0.235078; -0.226553
-0.231744; -0.223304
-0.22841; -0.220059
-0.225075; -0.216794
-0.221741; -0.213522
-0.218406; -0.210243
-0.215072; -0.206996
-0.211737; -0.203742
-0.208403; -0.200469
-0.205068; -0.19719
-0.201734; -0.193906
-0.1984; -0.190608
-0.195065; -0.18735
-0.191731; -0.184074
-0.188396; -0.180794
-0.185062; -0.177508
-0.181727; -0.174218
-0.178393; -0.170914
-0.175058; -0.167629
-0.171724; -0.164361
-0.16839; -0.161069
-0.165055; -0.157784
-0.161721; -0.154486
-0.158386; -0.151187
-0.155052; -0.147894
-0.151717; -0.144621
-0.148383; -0.141336
-0.145048; -0.138059
-0.141714; -0.134771
-0.13838; -0.131483
-0.135045; -0.128187
-0.131711; -0.124905
-0.128376; -0.121635
-0.125042; -0.118365
-0.121707; -0.115095
-0.118373; -0.111826
-0.115038; -0.108552
-0.111704; -0.10528
-0.10837; -0.10203
-0.105035; -0.0987807
-0.101701; -0.0955303
-0.0983663; -0.09228
-0.0950318; -0.0890361
-0.0916974; -0.0857935
-0.0883629; -0.0825554
-0.0850285; -0.0793251
-0.081694; -0.0761145
-0.0783596; -0.0729083
-0.0750252; -0.0697024
-0.0716907; -0.0665022
-0.0683563; -0.0633063
-0.0650218; -0.0601153
-0.0616874; -0.056932
-0.0583529; -0.0537662
-0.0550185; -0.05061
-0.051684; -0.0474613
-0.0483496; -0.0443192
-0.0450152; -0.0411833
-0.0416807; -0.0380583
-0.0383463; -0.0349411
-0.0350118; -0.0318352
-0.0316774; -0.028748
-0.0283429; -0.0256701
-0.0250085; -0.0226032
-0.021674; -0.0195462
-0.0183396; -0.0165017
-0.0150052; -0.01347
-0.0116707; -0.010451
-0.00833626; -0.00744624
-0.00500182; -0.00445708
-0.00166737; -0.00148226
0.00166707; 0.00148199
0.00500152; 0.00445681
0.00833596; 0.00744597
0.0116704; 0.0104507
0.0150049; 0.0134697
0.0183393; 0.0165014
0.0216737; 0.019546
0.0250082; 0.0226029
0.0283426; 0.0256698
0.0316771; 0.0287477
0.0350115; 0.0318349
0.038346; 0.0349408
0.0416804; 0.038058
0.0450149; 0.041183
0.0483493; 0.0443189
0.0516837; 0.047461
0.0550182; 0.0506113
0.0583526; 0.0537659
0.0616871; 0.0569317
0.0650215; 0.060115
0.068356; 0.0633059
0.0716904; 0.0665019
0.0750249; 0.0697021
0.0783593; 0.072908
0.0816937; 0.0761142
0.0850282; 0.0793247
0.0883626; 0.0825551
0.0916971; 0.0857932
0.0950315; 0.0890358
0.098366; 0.0922797
0.1017; 0.09553
0.105035; 0.0987804
0.108369; 0.10203
0.111704; 0.10528
0.115038; 0.108552
0.118373; 0.111826
0.121707; 0.115095
0.125042; 0.118364
0.128376; 0.121634
0.13171; 0.124904
0.135045; 0.128187
0.138379; 0.131483
0.141714; 0.134771
0.145048; 0.138058
0.148383; 0.141336
0.151717; 0.14462
0.155052; 0.147893
0.158386; 0.151186
0.16172; 0.154486
0.165055; 0.157783
0.168389; 0.161078
0.171724; 0.16436
0.175058; 0.167629
0.178393; 0.170914
0.181727; 0.174217
0.185062; 0.177508
0.188396; 0.180793
0.19173; 0.184074
0.195065; 0.187349
0.198399; 0.190608
0.201734; 0.193905
0.205068; 0.19719
0.208403; 0.200469
0.211737; 0.203741
0.215072; 0.206996
0.218406; 0.210243
0.22174; 0.213521
0.225075; 0.216793
0.228409; 0.220058
0.231744; 0.223304
0.235078; 0.226552
0.238413; 0.229769
0.241747; 0.233039
0.245082; 0.236292
0.248416; 0.239537
0.25175; 0.24276
0.255085; 0.245974
0.258419; 0.249165
0.261754; 0.252413
0.265088; 0.25563
0.268423; 0.25885
0.271757; 0.262047
0.275092; 0.265233
0.278426; 0.268408
0.28176; 0.271618
0.285095; 0.274819
0.288429; 0.277995
0.291764; 0.281159
0.295098; 0.284311
0.298433; 0.287477
0.301767; 0.290653
0.305102; 0.293803
0.308436; 0.296955
0.31177; 0.300067
0.315105; 0.30319
0.318439; 0.306339
0.321774; 0.30946
0.325108; 0.312584
0.328443; 0.315679
0.331777; 0.318746
0.335112; 0.321868
0.338446; 0.324975
0.34178; 0.328069
0.345115; 0.331134
0.348449; 0.334185
0.351784; 0.337244
0.355118; 0.340316
0.358453; 0.343375
0.361787; 0.346403
0.365122; 0.349417
0.368456; 0.352444
0.37179; 0.355481
0.375125; 0.358502
0.378459; 0.361493
0.381794; 0.364468
0.385128; 0.367471
0.388463; 0.370471
0.391797; 0.373455
0.395132; 0.376423
0.398466; 0.379359
0.4018; 0.382309
0.405135; 0.385282
0.408469; 0.388224
0.411804; 0.39115
0.415138; 0.394043
0.418473; 0.396958
0.421807; 0.399889
0.425142; 0.402787
0.428476; 0.405685
0.43181; 0.408533
0.435145; 0.411418
0.438479; 0.414305
0.441814; 0.417175
0.445148; 0.420011
0.448483; 0.422852
0.451817; 0.425709
0.455152; 0.42855
0.458486; 0.431373
0.46182; 0.434179
0.465155; 0.436957
0.468489; 0.439768
0.471824; 0.442577
0.475158; 0.445335
0.478493; 0.448092
0.481827; 0.450873
0.485162; 0.45365
0.488496; 0.456393
0.49183; 0.459134
0.495165; 0.461845
0.498499; 0.464606
0.501834; 0.467331
0.505168; 0.470021
0.508503; 0.472692
0.511837; 0.475362
0.515172; 0.478101
0.518506; 0.480806
0.52184; 0.483492
0.525175; 0.486143
0.528509; 0.488774
0.531844; 0.491386
0.535178; 0.493979
0.538513; 0.496581
0.541847; 0.499249
0.545182; 0.501898
0.548516; 0.504528
0.55185; 0.50714
0.555185; 0.509716
0.558519; 0.512272
0.561854; 0.51479
0.565188; 0.517288
0.568523; 0.519866
0.571857; 0.522459
0.575192; 0.525033
0.578526; 0.527589
0.58186; 0.530108
0.585195; 0.532607
0.588529; 0.535087
0.591864; 0.537528
0.595198; 0.540004
0.598533; 0.542532
0.601867; 0.545041
0.605202; 0.54753
0.608536; 0.549983
0.61187; 0.552417
0.615205; 0.554829
0.618539; 0.557204
0.621874; 0.559603
0.625208; 0.562069
0.628543; 0.564516
0.631877; 0.566944
0.635212; 0.569358
0.638546; 0.571747
0.64188; 0.574097
0.645215; 0.576446
0.648549; 0.578752
0.651884; 0.581149
0.655218; 0.583527
0.658553; 0.585885
0.661887; 0.588224
0.665222; 0.590506
0.668556; 0.592804
0.67189; 0.595046
0.675225; 0.597381
0.678559; 0.599725
0.681894; 0.602015
0.685228; 0.60432
0.688563; 0.60657
0.691897; 0.6088
0.695232; 0.611008
0.698566; 0.613211
0.7019; 0.615522
0.705235; 0.617779
0.708569; 0.620016
0.711904; 0.622234
0.715238; 0.624431
0.718573; 0.626608
0.721907; 0.628728
0.725242; 0.630924
0.728576; 0.63318
0.73191; 0.635347
0.735245; 0.637528
0.738579; 0.63969
0.741914; 0.641796
0.745248; 0.643881
0.748583; 0.646002
0.751917; 0.648185
0.755252; 0.650349
0.758586; 0.652459
0.76192; 0.654583
0.765255; 0.656653
0.768589; 0.658701
0.771924; 0.660729
0.775258; 0.662871
0.778593; 0.66496
0.781927; 0.667064
0.785262; 0.669114
0.788596; 0.671108
0.79193; 0.673116
0.795265; 0.67516
0.798599; 0.677227
0.801934; 0.679275
0.805268; 0.681303
0.808603; 0.683312
0.811937; 0.685265
0.815272; 0.687233
0.818606; 0.68919
0.82194; 0.691218
0.825275; 0.693227
0.828609; 0.695181
0.831944; 0.69715
0.835278; 0.699065
0.838613; 0.700959
0.841947; 0.702906
0.845282; 0.704892
0.848616; 0.706824
0.85195; 0.708771
0.855285; 0.710665
0.858619; 0.712538
0.861954; 0.714391
0.865288; 0.716301
0.868623; 0.718241
0.871957; 0.720128
0.875292; 0.721996
0.878626; 0.723844
0.88196; 0.725672
0.885295; 0.727483
0.888629; 0.729396
0.891964; 0.731257
0.895298; 0.733098
0.898633; 0.734919
0.901967; 0.736687
0.905302; 0.738469
0.908636; 0.740333
0.91197; 0.74217
0.915305; 0.743988
0.918639; 0.745787
0.921974; 0.747532
0.925308; 0.749292
0.928643; 0.751051
0.931977; 0.752857
0.935312; 0.754645
0.938646; 0.75638
0.94198; 0.758129
0.945315; 0.759825
0.948649; 0.761521
0.951984; 0.763299
0.955318; 0.765057
0.958653; 0.766765
0.961987; 0.768486
0.965322; 0.770154
0.968656; 0.771803
0.97199; 0.773582
0.975325; 0.775282
0.978659; 0.776995
0.981994; 0.778657
0.985328; 0.7803
0.988663; 0.781924
0.991997; 0.783624
0.995332; 0.785293
0.998666; 0.786975
1.002; 0.788607
1.00533; 0.790219
1.00867; 0.791812
1.012; 0.793445
1.01534; 0.795116
1.01867; 0.796736
1.02201; 0.798337
1.02534; 0.79992
1.02868; 0.801483
1.03201; 0.80309
1.03534; 0.804698
1.03868; 0.80632
1.04201; 0.807892
1.04535; 0.809412
1.04868; 0.810946
1.05202; 0.812575
1.05535; 0.814184
1.05869; 0.815745
1.06202; 0.817286
1.06535; 0.818778
1.06869; 0.820256
1.07202; 0.821821
1.07536; 0.823368
1.07869; 0.824897
1.08203; 0.826408
1.08536; 0.8279
1.0887; 0.829383
1.09203; 0.830947
1.09536; 0.832462
1.0987; 0.833958
1.10203; 0.835406
1.10537; 0.836867
1.1087; 0.838351
1.11204; 0.83985
1.11537; 0.841331
1.11871; 0.842794
1.12204; 0.844239
1.12537; 0.845516
1.12871; 0.847042
1.13204; 0.848552
1.13538; 0.850044
1.13871; 0.851519
1.14205; 0.852977
1.14538; 0.854386
1.14872; 0.855778
1.15205; 0.857152
1.15538; 0.858508
1.15872; 0.859815
1.16205; 0.861184
1.16539; 0.862658
1.16872; 0.864114
1.17206; 0.865554
1.17539; 0.866977
1.17873; 0.868353
1.18206; 0.869741
1.1854; 0.871083
1.18873; 0.872406
1.19206; 0.873712
1.1954; 0.874969
1.19873; 0.876279
1.20207; 0.877701
1.2054; 0.879107
1.20874; 0.880496
1.21207; 0.88184
1.2154; 0.883195
1.21874; 0.884505
1.22207; 0.885797
1.22541; 0.887072
1.22874; 0.888329
1.23208; 0.889569
1.23541; 0.890873
1.23875; 0.892235
1.24208; 0.893608
1.24541; 0.894909
1.24875; 0.896221
1.25208; 0.897517
1.25542; 0.898767
1.25875; 0.899999
1.26209; 0.901215
1.26542; 0.902414
1.26876; 0.903606
1.27209; 0.904957
1.27542; 0.906264
1.27876; 0.907555
1.28209; 0.908831
1.28543; 0.910091
1.28876; 0.911327
1.2921; 0.912574
1.29543; 0.913777
1.29877; 0.914964
1.3021; 0.916021
1.30543; 0.917299
1.30877; 0.91856
1.3121; 0.919861
1.31544; 0.92109
1.31877; 0.922305
1.32211; 0.923446
1.32544; 0.924628
1.32878; 0.925793
1.33211; 0.926885
1.33544; 0.928017
1.33878; 0.929274
1.34211; 0.930544
1.34545; 0.931744
1.34878; 0.932929
1.35212; 0.934098
1.35545; 0.935251
1.35879; 0.936388
1.36212; 0.937454
1.36545; 0.938558
1.36879; 0.939669
1.37212; 0.940857
1.37546; 0.942028
1.37879; 0.943238
1.38213; 0.94438
1.38546; 0.945505
1.3888; 0.946615
1.39213; 0.94771
1.39547; 0.948788
1.3988; 0.94985
1.40213; 0.950918
1.40547; 0.952111
1.4088; 0.953237
1.41214; 0.954399
1.41547; 0.955495
1.41881; 0.956575
1.42214; 0.957639
1.42548; 0.958688
1.42881; 0.959721
1.43214; 0.960739
1.43548; 0.961889
1.43881; 0.962982
1.44215; 0.964112
1.44548; 0.965227
1.44882; 0.966275
1.45215; 0.967308
1.45548; 0.968326
1.45882; 0.969329
1.46215; 0.970368
1.46549; 0.971375
1.46882; 0.972484
1.47216; 0.973577
1.47549; 0.974657
1.47883; 0.97567
1.48216; 0.97672
1.48549; 0.977704
1.48883; 0.978673
1.49216; 0.979678
1.4955; 0.980702
1.49883; 0.981774
1.50217; 0.982832
1.5055; 0.983825
1.50884; 0.984854
1.51217; 0.985869
1.5155; 0.986818
1.51884; 0.987803
1.52217; 0.988723
1.52551; 0.989714
1.52884; 0.990752
1.53218; 0.991776
1.53551; 0.992786
1.53885; 0.993782
1.54218; 0.994763
1.54551; 0.995681
1.54885; 0.996633
1.55218; 0.997571
1.55552; 0.998486
1.55885; 0.999488
1.56219; 1.00052
1.56552; 1.0015
1.56886; 1.00246
1.57219; 1.0034
1.57552; 1.00434
1.57886; 1.00525
1.58219; 1.00611
1.58553; 1.00706
1.58886; 1.00807
1.5922; 1.00902
1.59553; 1.01
1.59887; 1.01092
1.6022; 1.01183
1.60554; 1.01272
1.60887; 1.0136
1.6122; 1.01446
1.61554; 1.01541
1.61887; 1.01638
1.62221; 1.01729
1.62554; 1.01823
1.62888; 1.01911
1.63221; 1.02003
1.63555; 1.02088
1.63888; 1.02172
1.64221; 1.02261
1.64555; 1.02356
1.64888; 1.02449
1.65222; 1.02541
1.65555; 1.02632
1.65889; 1.02716
1.66222; 1.02804
1.66556; 1.02886
1.66889; 1.02971
1.67222; 1.03059
1.67556; 1.03149
1.67889; 1.03238
1.68223; 1.03325
1.68556; 1.03412
1.6889; 1.03497
1.69223; 1.0358
1.69556; 1.03658
1.6989; 1.03743
1.70223; 1.0383
1.70557; 1.03921
1.7089; 1.04006
1.71224; 1.04089
1.71557; 1.04171
1.71891; 1.04252
1.72224; 1.04332
1.72557; 1.04415
1.72891; 1.04504
1.73224; 1.04588
1.73558; 1.04675
1.73891; 1.04756
1.74225; 1.0484
1.74558; 1.04919
1.74892; 1.04996
1.75225; 1.05072
1.75558; 1.05156
1.75892; 1.05241
1.76225; 1.05325
1.76559; 1.05407
1.76892; 1.05484
1.77226; 1.05564
1.77559; 1.05639
1.77893; 1.05716
1.78226; 1.05797
1.78559; 1.05879
1.78893; 1.05959
1.79226; 1.06039
1.7956; 1.06117
1.79893; 1.06195
1.80227; 1.0627
1.8056; 1.06341
1.80894; 1.06423
1.81227; 1.06502
1.81561; 1.06584
1.81894; 1.06661
1.82227; 1.06736
1.82561; 1.06811
1.82894; 1.06884
1.83228; 1.06956
1.83561; 1.07041
1.83895; 1.07121
1.84228; 1.07196
1.84562; 1.07274
1.84895; 1.07347
1.85228; 1.07423
1.85562; 1.07493
1.85895; 1.07557
1.86229; 1.07636
1.86562; 1.07713
1.86896; 1.0779
1.87229; 1.07865
1.87563; 1.07939
1.87896; 1.08007
1.88229; 1.08079
1.88563; 1.08148
1.88896; 1.08228
1.8923; 1.08302
1.89563; 1.08376
1.89897; 1.08448
1.9023; 1.08519
1.90563; 1.08588
1.90897; 1.08657
1.9123; 1.08731
1.91564; 1.08803
1.91897; 1.08878
1.92231; 1.08949
1.92564; 1.09022
1.92898; 1.09089
1.93231; 1.09156
1.93564; 1.09206
1.93898; 1.09284
1.94231; 1.09361
1.94565; 1.09438
1.94898; 1.09513
1.95232; 1.09583
1.95565; 1.09656
1.95899; 1.09724
1.96232; 1.09795
1.96565; 1.0986
1.96899; 1.09925
1.97232; 1.09988
1.97566; 1.1005
1.97899; 1.10111
1.98233; 1.10171
1.98566; 1.10239
1.989; 1.10312
1.99233; 1.10387
1.99566; 1.10458
1.999; 1.10528
2.00233; 1.106
2.00567; 1.10668
2.009; 1.10734
2.01234; 1.108
2.01567; 1.10864
2.01901; 1.10927
2.02234; 1.10985
2.02568; 1.11046
2.02901; 1.11106
2.03234; 1.11161
2.03568; 1.11224
2.03901; 1.11299
2.04235; 1.1137
2.04568; 1.11439
2.04902; 1.11507
2.05235; 1.11574
2.05569; 1.11641
2.05902; 1.11702
2.06235; 1.11766
2.06569; 1.11825
2.06902; 1.11887
2.07236; 1.11944
2.07569; 1.12
2.07903; 1.12059
2.08236; 1.12115
2.0857; 1.12185
2.08903; 1.12254
2.09236; 1.12318
2.0957; 1.12385
2.09903; 1.12451
2.10237; 1.12512
2.1057; 1.12575
2.10904; 1.12635
2.11237; 1.12692
2.11571; 1.12749
2.11904; 1.12809
2.12237; 1.12864
2.12571; 1.12914
2.12904; 1.12968
2.13238; 1.13036
2.13571; 1.13104
2.13905; 1.13167
2.14238; 1.1323
2.14571; 1.13295
2.14905; 1.13355
2.15238; 1.13415
2.15572; 1.13475
2.15905; 1.13534
2.16239; 1.13592
2.16572; 1.1365
2.16906; 1.13706
2.17239; 1.13757
2.17572; 1.138
2.17906; 1.13867
2.18239; 1.13933
2.18573; 1.13992
2.18906; 1.14056
2.1924; 1.14112
2.19573; 1.14174
2.19907; 1.14228
2.2024; 1.14288
2.20573; 1.14341
2.20907; 1.14392
2.2124; 1.14449
2.21574; 1.14498
2.21907; 1.14547
2.22241; 1.14606
2.22574; 1.14668
2.22908; 1.14729
2.23241; 1.14788
2.23574; 1.14847
2.23908; 1.14905
2.24241; 1.14962
2.24575; 1.15018
2.24908; 1.15067
2.25242; 1.15121
2.25575; 1.15174
2.25909; 1.15219
2.26242; 1.1527
2.26575; 1.15323
2.26909; 1.1538
2.27242; 1.15437
2.27576; 1.155
2.27909; 1.15554
2.28243; 1.15615
2.28576; 1.15668
2.2891; 1.1572
2.29243; 1.15771
2.29576; 1.15822
2.2991; 1.15871
2.30243; 1.15919
2.30577; 1.15967
2.3091; 1.16013
2.31244; 1.16072
2.31577; 1.16131
2.31911; 1.16189
2.32244; 1.16246
2.32578; 1.16296
2.32911; 1.16352
2.33244; 1.16406
2.33578; 1.16453
2.33911; 1.16506
2.34245; 1.16551
2.34578; 1.16602
2.34912; 1.16645
2.35245; 1.16688
2.35579; 1.16749
2.35912; 1.16803
2.36245; 1.16857
2.36579; 1.1691
2.36912; 1.16962
2.37246; 1.17019
2.37579; 1.17069
2.37913; 1.17119
2.38246; 1.17167
2.3858; 1.17208
2.38913; 1.17255
2.39246; 1.173
2.3958; 1.17347
2.39913; 1.17404
2.40247; 1.17454
2.4058; 1.17509
2.40914; 1.17558
2.41247; 1.17611
2.41581; 1.17658
2.41914; 1.1771
2.42247; 1.17755
2.42581; 1.17805
2.42914; 1.17848
2.43248; 1.1789
2.43581; 1.17931
2.43915; 1.17989
2.44248; 1.18041
2.44582; 1.18093
2.44915; 1.18144
2.45248; 1.18194
2.45582; 1.18243
2.45915; 1.18291
2.46249; 1.18332
2.46582; 1.18379
2.46916; 1.18425
2.47249; 1.18469
2.47583; 1.18507
2.47916; 1.18551
2.48249; 1.18606
2.48583; 1.18654
2.48916; 1.18707
2.4925; 1.18754
2.49583; 1.18799
2.49917; 1.1885
2.5025; 1.18894
2.50584; 1.18937
2.50917; 1.1898
2.5125; 1.19027
2.51584; 1.19068
2.51917; 1.19107
2.52251; 1.19155
2.52584; 1.19206
2.52918; 1.19255
2.53251; 1.19304
2.53585; 1.19346
2.53918; 1.19393
2.54251; 1.1944
2.54585; 1.19485
2.54918; 1.19524
2.55252; 1.19568
2.55585; 1.19611
2.55919; 1.19647
2.56252; 1.19696
2.56586; 1.19742
2.56919; 1.19788
2.57252; 1.19838
2.57586; 1.19882
2.57919; 1.19925
2.58253; 1.19973
2.58586; 1.20015
2.5892; 1.20056
2.59253; 1.20096
2.59587; 1.20135
2.5992; 1.20173
2.60253; 1.20218
2.60587; 1.20266
2.6092; 1.20313
2.61254; 1.20354
2.61587; 1.204
2.61921; 1.20445
2.62254; 1.20483
2.62587; 1.20526
2.62921; 1.20569
2.63254; 1.20605
2.63588; 1.20646
2.63921; 1.2068
2.64255; 1.20729
2.64588; 1.20778
2.64922; 1.20822
2.65255; 1.20865
2.65588; 1.20912
2.65922; 1.20954
2.66255; 1.20994
2.66589; 1.21034
2.66922; 1.21073
2.67256; 1.21111
2.67589; 1.21148
2.67923; 1.21187
2.68256; 1.21233
2.68589; 1.21273
2.68923; 1.21318
2.69256; 1.21362
2.6959; 1.214
2.69923; 1.21442
2.70257; 1.21484
2.7059; 1.2152
2.70924; 1.2156
2.71257; 1.21594
2.7159; 1.21627
2.71924; 1.21672
2.72257; 1.21714
2.72591; 1.21756
2.72924; 1.21801
2.73258; 1.21842
2.73591; 1.21881
2.73925; 1.21919
2.74258; 1.21957
2.74592; 1.21994
2.74925; 1.2203
2.75258; 1.22066
2.75592; 1.22109
2.75925; 1.22148
2.76259; 1.22192
2.76592; 1.22234
2.76926; 1.22272
2.77259; 1.22313
2.77593; 1.22354
2.77926; 1.22389
2.78259; 1.22428
2.78593; 1.22461
2.78926; 1.22494
2.7926; 1.22531
2.79593; 1.22572
2.79927; 1.22612
2.8026; 1.22651
2.80594; 1.22695
2.80927; 1.22733
2.8126; 1.22771
2.81594; 1.22807
2.81927; 1.22843
2.82261; 1.22879
2.82594; 1.22913
2.82928; 1.22942
2.83261; 1.22983
2.83595; 1.23025
2.83928; 1.23066
2.84261; 1.23101
2.84595; 1.23141
2.84928; 1.2318
2.85262; 1.23214
2.85595; 1.23246
2.85929; 1.23283
2.86262; 1.23315
2.86596; 1.2335
2.86929; 1.23388
2.87262; 1.23426
2.87596; 1.23464
2.87929; 1.23506
2.88263; 1.23543
2.88596; 1.23579
2.8893; 1.23614
2.89263; 1.23649
2.89597; 1.23682
2.8993; 1.2371
2.90263; 1.23743
2.90597; 1.23789
2.9093; 1.23829
2.91264; 1.23868
2.91597; 1.23903
2.91931; 1.23941
2.92264; 1.23973
2.92598; 1.2401
2.92931; 1.24041
2.93264; 1.24077
2.93598; 1.24107
2.93931; 1.24136
2.94265; 1.24173
2.94598; 1.2421
2.94932; 1.24246
2.95265; 1.24282
2.95599; 1.24317
2.95932; 1.24356
2.96265; 1.24389
2.96599; 1.24422
2.96932; 1.2445
2.97266; 1.24481
2.97599; 1.24516
2.97933; 1.24555
2.98266; 1.24593
2.986; 1.24626
2.98933; 1.24663
2.99266; 1.24699
2.996; 1.2473
2.99933; 1.24765
3.00267; 1.24794
3.006; 1.24828
3.00934; 1.24856
3.01267; 1.24891
3.01601; 1.24931
3.01934; 1.24965
3.02267; 1.24999
3.02601; 1.25033
3.02934; 1.25066
3.03268; 1.25098
3.03601; 1.25129
3.03935; 1.2516
3.04268; 1.2519
3.04602; 1.25205
3.04935; 1.25245
3.05268; 1.25285
3.05602; 1.2532
3.05935; 1.25359
3.06269; 1.25397
3.06602; 1.2543
3.06936; 1.25467
3.07269; 1.25503
3.07603; 1.25534
3.07936; 1.25564
3.08269; 1.25599
3.08603; 1.25628
3.08936; 1.25656
3.0927; 1.25689
3.09603; 1.25716
3.09937; 1.25742
3.1027; 1.25768
3.10603; 1.25794
3.10937; 1.25818
3.1127; 1.25842
3.11604; 1.25884
3.11937; 1.25922
3.12271; 1.2596
3.12604; 1.25997
3.12938; 1.2603
3.13271; 1.26066
3.13605; 1.26101
3.13938; 1.26132
3.14271; 1.26166
3.14605; 1.26195
3.14938; 1.26228
3.15272; 1.26256
3.15605; 1.26288
3.15939; 1.26315
3.16272; 1.26341
3.16606; 1.26367
3.16939; 1.26396
3.17272; 1.2642
3.17606; 1.26444
3.17939; 1.26467
3.18273; 1.26497
3.18606; 1.26534
3.1894; 1.2657
3.19273; 1.26606
3.19607; 1.26637
3.1994; 1.26672
3.20273; 1.26706
3.20607; 1.2674
3.2094; 1.26769
3.21274; 1.26801
3.21607; 1.26829
3.21941; 1.2686
3.22274; 1.26886
3.22608; 1.26916
3.22941; 1.26942
3.23274; 1.2697
3.23608; 1.26994
3.23941; 1.27018
3.24275; 1.2704
3.24608; 1.27063
3.24942; 1.27092
3.25275; 1.27131
3.25609; 1.27166
3.25942; 1.27199
3.26275; 1.27229
3.26609; 1.27261
3.26942; 1.27293
3.27276; 1.27325
3.27609; 1.27356
3.27943; 1.27382
3.28276; 1.27412
3.2861; 1.27441
3.28943; 1.27466
3.29276; 1.27494
3.2961; 1.27517
3.29943; 1.2754
3.30277; 1.27566
3.3061; 1.27588
3.30944; 1.27609
3.31277; 1.27633
3.31611; 1.27667
3.31944; 1.277
3.32277; 1.27733
3.32611; 1.27765
3.32944; 1.27797
3.33278; 1.27828
3.33611; 1.27859
3.33945; 1.27889
3.34278; 1.27918
3.34612; 1.27947
3.34945; 1.27973
3.35278; 1.28003
3.35612; 1.28031
3.35945; 1.28056
3.36279; 1.28083
3.36612; 1.28106
3.36946; 1.28133
3.37279; 1.28155
3.37613; 1.28176
3.37946; 1.28198
3.38279; 1.28229
3.38613; 1.2826
3.38946; 1.28291
3.3928; 1.28321
3.39613; 1.2835
3.39947; 1.28379
3.4028; 1.28407
3.40614; 1.28435
3.40947; 1.28462
3.4128; 1.28489
3.41614; 1.28515
3.41947; 1.2854
3.42281; 1.28565
3.42614; 1.2859
3.42948; 1.28606
3.43281; 1.28629
3.43615; 1.28652
3.43948; 1.28674
3.44281; 1.28703
3.44615; 1.28736
3.44948; 1.28769
3.45282; 1.28794
3.45615; 1.28826
3.45949; 1.28858
3.46282; 1.28881
3.46616; 1.28912
3.46949; 1.28934
3.47282; 1.28963
3.47616; 1.28984
3.47949; 1.29013
3.48283; 1.29033
3.48616; 1.2906
3.4895; 1.29079
3.49283; 1.29105
3.49617; 1.29123
3.4995; 1.29141
3.50283; 1.29167
3.50617; 1.29196
3.5095; 1.29224
3.51284; 1.29252
3.51617; 1.29286
3.51951; 1.29313
3.52284; 1.29339
3.52618; 1.29365
3.52951; 1.2939
3.53284; 1.29415
3.53618; 1.29446
3.53951; 1.29469
3.54285; 1.29492
3.54618; 1.29515
3.54952; 1.29537
3.55285; 1.29558
3.55619; 1.29579
3.55952; 1.29599
3.56285; 1.29612
3.56619; 1.29641
3.56952; 1.29671
3.57286; 1.29701
3.57619; 1.29731
3.57953; 1.2976
3.58286; 1.29781
3.5862; 1.29809
3.58953; 1.29836
3.59286; 1.29863
3.5962; 1.29882
3.59953; 1.29908
3.60287; 1.29934
3.6062; 1.29951
3.60954; 1.29976
3.61287; 1.29992
3.61621; 1.30016
3.61954; 1.30031
3.62287; 1.30054
3.62621; 1.30077
3.62954; 1.30109
3.63288; 1.30134
3.63621; 1.30165
3.63955; 1.30189
3.64288; 1.30213
3.64622; 1.30243
3.64955; 1.30265
3.65288; 1.30287
3.65622; 1.30315
3.65955; 1.30336
3.66289; 1.30357
3.66622; 1.30377
3.66956; 1.30403
3.67289; 1.30422
3.67623; 1.30441
3.67956; 1.30459
3.68289; 1.30476
3.68623; 1.30503
3.68956; 1.3053
3.6929; 1.30557
3.69623; 1.30583
3.69957; 1.30609
3.7029; 1.30634
3.70624; 1.30659
3.70957; 1.30683
3.7129; 1.30707
3.71624; 1.3073
3.71957; 1.30746
3.72291; 1.30769
3.72624; 1.3079
3.72958; 1.30812
3.73291; 1.30833
3.73625; 1.30846
3.73958; 1.30866
3.74291; 1.30894
3.74625; 1.30916
3.74958; 1.30945
3.75292; 1.30973
3.75625; 1.30994
3.75959; 1.31022
3.76292; 1.31042
3.76626; 1.31068
3.76959; 1.31088
3.77292; 1.31113
3.77626; 1.31131
3.77959; 1.31156
3.78293; 1.31173
3.78626; 1.3119
3.7896; 1.31213
3.79293; 1.31229
3.79627; 1.31245
3.7996; 1.31266
3.80293; 1.31291
3.80627; 1.31315
3.8096; 1.31346
3.81294; 1.31369
3.81627; 1.31392
3.81961; 1.31414
3.82294; 1.31436
3.82628; 1.31458
3.82961; 1.31479
3.83294; 1.315
3.83628; 1.3152
3.83961; 1.3154
3.84295; 1.31559
3.84628; 1.31578
3.84962; 1.31596
3.85295; 1.31614
3.85629; 1.31631
3.85962; 1.31657
3.86295; 1.31683
3.86629; 1.31708
3.86962; 1.31734
3.87296; 1.31752
3.87629; 1.31777
3.87963; 1.31801
3.88296; 1.31824
3.8863; 1.31841
3.88963; 1.31863
3.89296; 1.31886
3.8963; 1.31901
3.89963; 1.31922
3.90297; 1.31943
3.9063; 1.31957
3.90964; 1.31977
3.91297; 1.3199
3.91631; 1.32018
3.91964; 1.32039
3.92297; 1.32066
3.92631; 1.32087
3.92964; 1.32107
3.93298; 1.32133
3.93631; 1.32152
3.93965; 1.32171
3.94298; 1.32196
3.94632; 1.32214
3.94965; 1.32231
3.95298; 1.32254
3.95632; 1.32271
3.95965; 1.32287
3.96299; 1.32303
3.96632; 1.32318
3.96966; 1.32336
3.97299; 1.32365
3.97633; 1.32388
3.97966; 1.32411
3.98299; 1.32433
3.98633; 1.32454
3.98966; 1.32476
3.993; 1.32496
3.99633; 1.32517
3.99967; 1.32537
4.003; 1.32556
4.00634; 1.32569
4.00967; 1.32588
4.013; 1.32606
4.01634; 1.32623
4.01967; 1.32641
4.02301; 1.32651
4.02634; 1.32681
4.02968; 1.32706
4.03301; 1.3273
4.03635; 1.32748
4.03968; 1.32772
4.04301; 1.32795
4.04635; 1.32812
4.04968; 1.32835
4.05302; 1.32851
4.05635; 1.32872
4.05969; 1.32887
4.06302; 1.32908
4.06636; 1.32922
4.06969; 1.32942
4.07302; 1.32956
4.07636; 1.32975
4.07969; 1.32992
4.08303; 1.33012
4.08636; 1.33038
4.0897; 1.33058
4.09303; 1.33077
4.09636; 1.33102
4.0997; 1.33121
4.10303; 1.33139
4.10637; 1.33156
4.1097; 1.33174
4.11304; 1.33196
4.11637; 1.33213
4.11971; 1.33229
4.12304; 1.33244
4.12638; 1.33259
4.12971; 1.33274
4.13304; 1.33292
4.13638; 1.33314
4.13971; 1.33336
4.14305; 1.33357
4.14638; 1.33378
4.14972; 1.33398
4.15305; 1.33418
4.15639; 1.33432
4.15972; 1.33452
4.16305; 1.33471
4.16639; 1.33489
4.16972; 1.33507
4.17306; 1.33519
4.17639; 1.33536
4.17973; 1.33553
4.18306; 1.33564
4.1864; 1.3359
4.18973; 1.33614
4.19306; 1.33631
4.1964; 1.33654
4.19973; 1.33671
4.20307; 1.33693
4.2064; 1.33715
4.20974; 1.33731
4.21307; 1.33746
4.21641; 1.33767
4.21974; 1.33781
4.22307; 1.33801
4.22641; 1.33815
4.22974; 1.33828
4.23308; 1.33847
4.23641; 1.33859
4.23975; 1.33877
4.24308; 1.33902
4.24642; 1.33921
4.24975; 1.3394
4.25308; 1.33958
4.25642; 1.33982
4.25975; 1.33999
4.26309; 1.34016
4.26642; 1.34033
4.26976; 1.34049
4.27309; 1.34065
4.27643; 1.34081
4.27976; 1.34096
4.28309; 1.34111
4.28643; 1.34125
4.28976; 1.34141
4.2931; 1.34162
4.29643; 1.34182
4.29977; 1.34203
4.3031; 1.34223
4.30644; 1.34237
4.30977; 1.34256
4.3131; 1.34275
4.31644; 1.34293
4.31977; 1.34306
4.32311; 1.34324
4.32644; 1.34341
4.32978; 1.34358
4.33311; 1.34369
4.33645; 1.34385
4.33978; 1.34395
4.34311; 1.34417
4.34645; 1.34439
4.34978; 1.34456
4.35312; 1.34477
4.35645; 1.34493
4.35979; 1.34514
4.36312; 1.34529
4.36646; 1.34544
4.36979; 1.34563
4.37312; 1.34577
4.37646; 1.34596
4.37979; 1.3461
4.38313; 1.34623
4.38646; 1.34635
4.3898; 1.34652
4.39313; 1.34675
4.39647; 1.34693
4.3998; 1.34712
4.40313; 1.34735
4.40647; 1.34752
4.4098; 1.34769
4.41314; 1.34786
4.41647; 1.34802
4.41981; 1.34818
4.42314; 1.34834
4.42648; 1.34849
4.42981; 1.34864
4.43314; 1.34879
4.43648; 1.34893
4.43981; 1.34907
4.44315; 1.34917
4.44648; 1.34937
4.44982; 1.34957
4.45315; 1.34971
4.45649; 1.3499
4.45982; 1.35009
4.46315; 1.35027
4.46649; 1.3504
4.46982; 1.35057
4.47316; 1.35074
4.47649; 1.35091
4.47983; 1.35102
4.48316; 1.35118
4.4865; 1.35129
4.48983; 1.35144
4.49316; 1.35163
4.4965; 1.35179
4.49983; 1.352
4.50317; 1.35216
4.5065; 1.35236
4.50984; 1.35251
4.51317; 1.35266
4.51651; 1.35285
4.51984; 1.35299
4.52317; 1.35317
4.52651; 1.3533
4.52984; 1.35343
4.53318; 1.35355
4.53651; 1.35373
4.53985; 1.35384
4.54318; 1.354
4.54651; 1.35418
4.54985; 1.3544
4.55318; 1.35457
4.55652; 1.35473
4.55985; 1.35489
4.56319; 1.35505
4.56652; 1.35521
4.56986; 1.35536
4.57319; 1.3555
4.57653; 1.35565
4.57986; 1.35579
4.58319; 1.35593
4.58653; 1.35606
4.58986; 1.35599
4.5932; 1.3562
4.59653; 1.35637
4.59987; 1.35658
4.6032; 1.35679
4.60654; 1.35699
4.60987; 1.35719
4.6132; 1.35734
4.61654; 1.35753
4.61987; 1.35772
4.62321; 1.35786
4.62654; 1.35804
4.62988; 1.35822
4.63321; 1.35835
4.63655; 1.35853
4.63988; 1.35865
4.64321; 1.35881
4.64655; 1.35898
4.64988; 1.35909
4.65322; 1.3592
4.65655; 1.35935
4.65989; 1.35945
4.66322; 1.3596
4.66656; 1.35969
4.66989; 1.35978
4.67322; 1.35992
4.67656; 1.36
4.67989; 1.36008
4.68323; 1.3602
4.68656; 1.36037
4.6899; 1.36057
4.69323; 1.36075
4.69657; 1.36094
4.6999; 1.36117
4.70323; 1.36135
4.70657; 1.36152
4.7099; 1.3617
4.71324; 1.36186
4.71657; 1.36203
4.71991; 1.36219
4.72324; 1.36235
4.72658; 1.36251
4.72991; 1.36266
4.73324; 1.36281
4.73658; 1.36296
4.73991; 1.36305
4.74325; 1.36319
4.74658; 1.36333
4.74992; 1.36346
4.75325; 1.36359
4.75659; 1.36372
4.75992; 1.3638
4.76325; 1.36392
4.76659; 1.36403
4.76992; 1.3641
4.77326; 1.36421
4.77659; 1.36431
4.77993; 1.36437
4.78326; 1.36457
4.7866; 1.36474
4.78993; 1.36495
4.79326; 1.36511
4.7966; 1.36531
4.79993; 1.36547
4.80327; 1.36567
4.8066; 1.36582
4.80994; 1.36601
4.81327; 1.36615
4.81661; 1.36629
4.81994; 1.36648
4.82327; 1.36661
4.82661; 1.36674
4.82994; 1.36687
4.83328; 1.36704
4.83661; 1.36716
4.83995; 1.36728
4.84328; 1.36739
4.84662; 1.3675
4.84995; 1.36761
4.85328; 1.36776
4.85662; 1.36786
4.85995; 1.36796
4.86329; 1.36806
4.86662; 1.36815
4.86996; 1.36824
4.87329; 1.36832
4.87663; 1.36851
4.87996; 1.3687
4.88329; 1.36884
4.88663; 1.36902
4.88996; 1.36919
4.8933; 1.36937
4.89663; 1.36954
4.89997; 1.36971
4.9033; 1.36983
4.90664; 1.36999
4.90997; 1.37015
4.9133; 1.37027
4.91664; 1.37042
4.91997; 1.37057
4.92331; 1.37067
4.92664; 1.37082
4.92998; 1.37091
4.93331; 1.37105
4.93665; 1.37119
4.93998; 1.37127
4.94331; 1.3714
4.94665; 1.37148
4.94998; 1.37156
4.95332; 1.37168
4.95665; 1.37175
4.95999; 1.37186
4.96332; 1.37193
4.96666; 1.37205
4.96999; 1.37226
4.97332; 1.37243
4.97666; 1.37259
4.97999; 1.37275
4.98333; 1.37294
4.98666; 1.3731
4.99; 1.37325
4.99333; 1.37339
4.99667; 1.37354
5; 1.37368
