-5; -1.59126
-4.99667; -1.58163
-4.99333; -1.57208
-4.99; -1.5626
-4.98666; -1.5532
-4.98333; -1.54387
-4.97999; -1.53461
-4.97666; -1.52542
-4.97332; -1.5163
-4.96999; -1.50726
-4.96666; -1.49829
-4.96332; -1.48938
-4.95999; -1.48055
-4.95665; -1.47179
-4.95332; -1.4631
-4.94998; -1.45448
-4.94665; -1.44593
-4.94331; -1.43745
-4.93998; -1.42904
-4.93665; -1.42069
-4.93331; -1.41242
-4.92998; -1.40421
-4.92664; -1.39607
-4.92331; -1.38799
-4.91997; -1.37998
-4.91664; -1.37204
-4.9133; -1.36416
-4.90997; -1.35636
-4.90664; -1.34861
-4.9033; -1.34093
-4.89997; -1.33332
-4.89663; -1.32577
-4.8933; -1.31829
-4.88996; -1.31086
-4.88663; -1.30351
-4.88329; -1.29621
-4.87996; -1.28898
-4.87663; -1.28181
-4.87329; -1.27471
-4.86996; -1.26766
-4.86662; -1.26068
-4.86329; -1.25376
-4.85995; -1.2469
-4.85662; -1.2401
-4.85328; -1.23336
-4.84995; -1.22669
-4.84662; -1.22007
-4.84328; -1.21351
-4.83995; -1.20701
-4.83661; -1.20057
-4.83328; -1.19419
-4.82994; -1.18787
-4.82661; -1.1816
-4.82327; -1.17539
-4.81994; -1.16925
-4.81661; -1.16315
-4.81327; -1.15712
-4.80994; -1.15114
-4.8066; -1.14522
-4.80327; -1.13935
-4.79993; -1.13354
-4.7966; -1.12779
-4.79326; -1.12209
-4.78993; -1.11644
-4.7866; -1.11085
-4.78326; -1.10532
-4.77993; -1.09984
-4.77659; -1.09441
-4.77326; -1.08903
-4.76992; -1.08371
-4.76659; -1.07844
-4.76325; -1.07323
-4.75992; -1.06807
-4.75659; -1.06296
-4.75325; -1.0579
-4.74992; -1.05289
-4.74658; -1.04793
-4.74325; -1.04303
-4.73991; -1.03817
-4.73658; -1.03337
-4.73324; -1.02861
-4.72991; -1.02391
-4.72658; -1.01926
-4.72324; -1.01465
-4.71991; -1.01009
-4.71657; -1.00558
-4.71324; -1.00113
-4.7099; -0.996715
-4.70657; -0.992353
-4.70323; -0.988038
-4.6999; -0.983772
-4.69657; -0.97955
-4.69323; -0.975378
-4.6899; -0.97125
-4.68656; -0.96717
-4.68323; -0.963136
-4.67989; -0.959149
-4.67656; -0.955206
-4.67322; -0.951308
-4.66989; -0.947455
-4.66656; -0.943649
-4.66322; -0.939886
-4.65989; -0.936167
-4.65655; -0.932494
-4.65322; -0.928863
-4.64988; -0.925275
-4.64655; -0.921733
-4.64321; -0.918231
-4.63988; -0.914775
-4.63655; -0.911358
-4.63321; -0.907985
-4.62988; -0.904654
-4.62654; -0.901365
-4.62321; -0.898117
-4.61987; -0.894912
-4.61654; -0.891747
-4.6132; -0.888622
-4.60987; -0.885538
-4.60654; -0.882495
-4.6032; -0.879491
-4.59987; -0.876528
-4.59653; -0.873604
-4.5932; -0.87072
-4.58986; -0.867875
-4.58653; -0.865067
-4.58319; -0.862299
-4.57986; -0.85957
-4.57653; -0.856879
-4.57319; -0.854225
-4.56986; -0.851611
-4.56652; -0.849031
-4.56319; -0.84649
-4.55985; -0.843986
-4.55652; -0.841519
-4.55318; -0.839088
-4.54985; -0.836694
-4.54652; -0.834335
-4.54318; -0.832012
-4.53985; -0.829725
-4.53651; -0.827474
-4.53318; -0.825257
-4.52984; -0.823076
-4.52651; -0.820929
-4.52317; -0.818816
-4.51984; -0.816738
-4.51651; -0.814694
-4.51317; -0.812683
-4.50984; -0.810707
-4.5065; -0.808763
-4.50317; -0.806853
-4.49983; -0.804975
-4.4965; -0.803131
-4.49316; -0.801319
-4.48983; -0.799538
-4.4865; -0.797791
-4.48316; -0.796074
-4.47983; -0.79439
-4.47649; -0.792736
-4.47316; -0.791115
-4.46982; -0.789523
-4.46649; -0.787963
-4.46315; -0.786433
-4.45982; -0.784933
-4.45649; -0.783464
-4.45315; -0.782024
-4.44982; -0.780615
-4.44648; -0.779235
-4.44315; -0.777883
-4.43981; -0.776561
-4.43648; -0.775268
-4.43314; -0.774003
-4.42981; -0.772768
-4.42648; -0.77156
-4.42314; -0.770379
-4.41981; -0.769227
-4.41647; -0.768103
-4.41314; -0.767006
-4.4098; -0.765936
-4.40647; -0.764894
-4.40313; -0.763878
-4.3998; -0.762888
-4.39647; -0.761925
-4.39313; -0.760989
-4.3898; -0.760079
-4.38646; -0.759194
-4.38313; -0.758334
-4.37979; -0.7575
-4.37646; -0.756691
-4.37312; -0.755908
-4.36979; -0.75515
-4.36646; -0.754416
-4.36312; -0.753706
-4.35979; -0.753021
-4.35645; -0.75236
-4.35312; -0.751722
-4.34978; -0.751109
-4.34645; -0.750518
-4.34311; -0.749952
-4.33978; -0.749408
-4.33645; -0.748887
-4.33311; -0.74839
-4.32978; -0.747914
-4.32644; -0.747461
-4.32311; -0.747031
-4.31977; -0.746622
-4.31644; -0.746235
-4.3131; -0.74587
-4.30977; -0.745527
-4.30644; -0.745204
-4.3031; -0.744902
-4.29977; -0.744622
-4.29643; -0.744363
-4.2931; -0.744125
-4.28976; -0.743905
-4.28643; -0.743708
-4.28309; -0.743529
-4.27976; -0.74337
-4.27643; -0.743232
-4.27309; -0.743113
-4.26976; -0.743013
-4.26642; -0.742932
-4.26309; -0.74287
-4.25975; -0.742829
-4.25642; -0.742804
-4.25308; -0.742798
-4.24975; -0.742811
-4.24642; -0.742841
-4.24308; -0.742891
-4.23975; -0.742958
-4.23641; -0.743042
-4.23308; -0.743144
-4.22974; -0.743263
-4.22641; -0.743399
-4.22307; -0.743552
-4.21974; -0.743722
-4.21641; -0.743909
-4.21307; -0.744112
-4.20974; -0.744332
-4.2064; -0.744568
-4.20307; -0.74482
-4.19973; -0.745087
-4.1964; -0.74537
-4.19306; -0.745669
-4.18973; -0.745983
-4.1864; -0.746313
-4.18306; -0.746657
-4.17973; -0.747017
-4.17639; -0.747391
-4.17306; -0.74778
-4.16972; -0.748183
-4.16639; -0.7486
-4.16305; -0.749032
-4.15972; -0.749477
-4.15639; -0.749936
-4.15305; -0.75041
-4.14972; -0.750896
-4.14638; -0.751396
-4.14305; -0.751909
-4.13971; -0.752436
-4.13638; -0.752975
-4.13304; -0.753527
-4.12971; -0.754091
-4.12638; -0.754667
-4.12304; -0.755257
-4.11971; -0.755858
-4.11637; -0.756471
-4.11304; -0.757097
-4.1097; -0.757734
-4.10637; -0.758383
-4.10303; -0.759042
-4.0997; -0.759714
-4.09637; -0.760396
-4.09303; -0.76109
-4.0897; -0.761795
-4.08636; -0.76251
-4.08303; -0.763236
-4.07969; -0.763972
-4.07636; -0.764719
-4.07302; -0.765476
-4.06969; -0.766243
-4.06636; -0.767018
-4.06302; -0.767806
-4.05969; -0.768602
-4.05635; -0.769407
-4.05302; -0.770223
-4.04968; -0.771047
-4.04635; -0.77188
-4.04301; -0.772723
-4.03968; -0.773574
-4.03635; -0.774433
-4.03301; -0.775303
-4.02968; -0.776179
-4.02634; -0.777064
-4.02301; -0.777957
-4.01967; -0.778859
-4.01634; -0.779769
-4.013; -0.780685
-4.00967; -0.78161
-4.00634; -0.782543
-4.003; -0.783483
-3.99967; -0.78443
-3.99633; -0.785384
-3.993; -0.786345
-3.98966; -0.787314
-3.98633; -0.788288
-3.98299; -0.78927
-3.97966; -0.790258
-3.97633; -0.791252
-3.97299; -0.792254
-3.96966; -0.79326
-3.96632; -0.794274
-3.96299; -0.795293
-3.95965; -0.796318
-3.95632; -0.797349
-3.95298; -0.798385
-3.94965; -0.799426
-3.94632; -0.800474
-3.94298; -0.801525
-3.93965; -0.802583
-3.93631; -0.803645
-3.93298; -0.804712
-3.92964; -0.805784
-3.92631; -0.806861
-3.92297; -0.807942
-3.91964; -0.809028
-3.91631; -0.810117
-3.91297; -0.811212
-3.90964; -0.81231
-3.9063; -0.813412
-3.90297; -0.814518
-3.89963; -0.815628
-3.8963; -0.816741
-3.89296; -0.817858
-3.88963; -0.818979
-3.8863; -0.820102
-3.88296; -0.821229
-3.87963; -0.822359
-3.87629; -0.823492
-3.87296; -0.824628
-3.86962; -0.825767
-3.86629; -0.826908
-3.86295; -0.828053
-3.85962; -0.829199
-3.85629; -0.830348
-3.85295; -0.831499
-3.84962; -0.832652
-3.84628; -0.833807
-3.84295; -0.834964
-3.83961; -0.836124
-3.83628; -0.837285
-3.83294; -0.838447
-3.82961; -0.839611
-3.82628; -0.840777
-3.82294; -0.841943
-3.81961; -0.843112
-3.81627; -0.844281
-3.81294; -0.845451
-3.8096; -0.846623
-3.80627; -0.847795
-3.80293; -0.848968
-3.7996; -0.850142
-3.79627; -0.851316
-3.79293; -0.852491
-3.7896; -0.853667
-3.78626; -0.854842
-3.78293; -0.856018
-3.77959; -0.857193
-3.77626; -0.85837
-3.77292; -0.859545
-3.76959; -0.860721
-3.76626; -0.861897
-3.76292; -0.863072
-3.75959; -0.864247
-3.75625; -0.86542
-3.75292; -0.866594
-3.74958; -0.867767
-3.74625; -0.868939
-3.74291; -0.870111
-3.73958; -0.871281
-3.73625; -0.87245
-3.73291; -0.873618
-3.72958; -0.874785
-3.72624; -0.875951
-3.72291; -0.877115
-3.71957; -0.878278
-3.71624; -0.879439
-3.7129; -0.880599
-3.70957; -0.881757
-3.70624; -0.882913
-3.7029; -0.884068
-3.69957; -0.88522
-3.69623; -0.88637
-3.6929; -0.887518
-3.68956; -0.888664
-3.68623; -0.889808
-3.68289; -0.89095
-3.67956; -0.892089
-3.67623; -0.893225
-3.67289; -0.894359
-3.66956; -0.89549
-3.66622; -0.896619
-3.66289; -0.897744
-3.65955; -0.898867
-3.65622; -0.899986
-3.65288; -0.901103
-3.64955; -0.902217
-3.64622; -0.903327
-3.64288; -0.904435
-3.63955; -0.905538
-3.63621; -0.906639
-3.63288; -0.907736
-3.62954; -0.908829
-3.62621; -0.909918
-3.62287; -0.911005
-3.61954; -0.912087
-3.61621; -0.913165
-3.61287; -0.91424
-3.60954; -0.91531
-3.6062; -0.916377
-3.60287; -0.91744
-3.59953; -0.918497
-3.5962; -0.919551
-3.59286; -0.920601
-3.58953; -0.921646
-3.5862; -0.922687
-3.58286; -0.923723
-3.57953; -0.924755
-3.57619; -0.925781
-3.57286; -0.926803
-3.56952; -0.927821
-3.56619; -0.928834
-3.56285; -0.929841
-3.55952; -0.930844
-3.55619; -0.931842
-3.55285; -0.932834
-3.54952; -0.933822
-3.54618; -0.934804
-3.54285; -0.935781
-3.53951; -0.936752
-3.53618; -0.937718
-3.53284; -0.938679
-3.52951; -0.939634
-3.52618; -0.940584
-3.52284; -0.941528
-3.51951; -0.942466
-3.51617; -0.943399
-3.51284; -0.944325
-3.5095; -0.945246
-3.50617; -0.946161
-3.50283; -0.94707
-3.4995; -0.947972
-3.49617; -0.948869
-3.49283; -0.94976
-3.4895; -0.950644
-3.48616; -0.951522
-3.48283; -0.952394
-3.47949; -0.953259
-3.47616; -0.954118
-3.47282; -0.95497
-3.46949; -0.955817
-3.46616; -0.956656
-3.46282; -0.957489
-3.45949; -0.958315
-3.45615; -0.959134
-3.45282; -0.959946
-3.44948; -0.960752
-3.44615; -0.961551
-3.44281; -0.962343
-3.43948; -0.963127
-3.43615; -0.963905
-3.43281; -0.964676
-3.42948; -0.965439
-3.42614; -0.966196
-3.42281; -0.966945
-3.41947; -0.967687
-3.41614; -0.968422
-3.4128; -0.969149
-3.40947; -0.969869
-3.40614; -0.970581
-3.4028; -0.971286
-3.39947; -0.971983
-3.39613; -0.972673
-3.3928; -0.973355
-3.38946; -0.974029
-3.38613; -0.974696
-3.38279; -0.975355
-3.37946; -0.976006
-3.37613; -0.976649
-3.37279; -0.977284
-3.36946; -0.977912
-3.36612; -0.978531
-3.36279; -0.979142
-3.35945; -0.979745
-3.35612; -0.980341
-3.35278; -0.980927
-3.34945; -0.981506
-3.34612; -0.982077
-3.34278; -0.982639
-3.33945; -0.983194
-3.33611; -0.983739
-3.33278; -0.984277
-3.32944; -0.984806
-3.32611; -0.985326
-3.32277; -0.985838
-3.31944; -0.986341
-3.31611; -0.986836
-3.31277; -0.987323
-3.30944; -0.9878
-3.3061; -0.98827
-3.30277; -0.98873
-3.29943; -0.989181
-3.2961; -0.989625
-3.29276; -0.990058
-3.28943; -0.990484
-3.2861; -0.9909
-3.28276; -0.991308
-3.27943; -0.991706
-3.27609; -0.992096
-3.27276; -0.992477
-3.26942; -0.992848
-3.26609; -0.99321
-3.26275; -0.993564
-3.25942; -0.993908
-3.25609; -0.994243
-3.25275; -0.994569
-3.24942; -0.994886
-3.24608; -0.995193
-3.24275; -0.995491
-3.23941; -0.99578
-3.23608; -0.99606
-3.23274; -0.99633
-3.22941; -0.996591
-3.22608; -0.996843
-3.22274; -0.997085
-3.21941; -0.997318
-3.21607; -0.99754
-3.21274; -0.997754
-3.2094; -0.997958
-3.20607; -0.998153
-3.20273; -0.998337
-3.1994; -0.998513
-3.19607; -0.998679
-3.19273; -0.998835
-3.1894; -0.998981
-3.18606; -0.999118
-3.18273; -0.999244
-3.17939; -0.999361
-3.17606; -0.999469
-3.17272; -0.999566
-3.16939; -0.999654
-3.16606; -0.999732
-3.16272; -0.9998
-3.15939; -0.999858
-3.15605; -0.999906
-3.15272; -0.999944
-3.14938; -0.999973
-3.14605; -0.999991
-3.14271; -0.999999
-3.13938; -0.999998
-3.13605; -0.999986
-3.13271; -0.999964
-3.12938; -0.999932
-3.12604; -0.999891
-3.12271; -0.999839
-3.11937; -0.999777
-3.11604; -0.999705
-3.1127; -0.999622
-3.10937; -0.99953
-3.10604; -0.999427
-3.1027; -0.999314
-3.09937; -0.999191
-3.09603; -0.999057
-3.0927; -0.998914
-3.08936; -0.99876
-3.08603; -0.998596
-3.08269; -0.998422
-3.07936; -0.998236
-3.07603; -0.998042
-3.07269; -0.997836
-3.06936; -0.99762
-3.06602; -0.997394
-3.06269; -0.997158
-3.05935; -0.996911
-3.05602; -0.996654
-3.05268; -0.996386
-3.04935; -0.996108
-3.04602; -0.995819
-3.04268; -0.99552
-3.03935; -0.995211
-3.03601; -0.994891
-3.03268; -0.994561
-3.02934; -0.99422
-3.02601; -0.993868
-3.02267; -0.993506
-3.01934; -0.993134
-3.01601; -0.992751
-3.01267; -0.992357
-3.00934; -0.991953
-3.006; -0.991539
-3.00267; -0.991114
-2.99933; -0.990678
-2.996; -0.990232
-2.99266; -0.989775
-2.98933; -0.989308
-2.986; -0.98883
-2.98266; -0.988341
-2.97933; -0.987842
-2.97599; -0.987332
-2.97266; -0.986811
-2.96932; -0.98628
-2.96599; -0.985738
-2.96265; -0.985186
-2.95932; -0.984623
-2.95599; -0.984049
-2.95265; -0.983465
-2.94932; -0.98287
-2.94598; -0.982264
-2.94265; -0.981648
-2.93931; -0.981021
-2.93598; -0.980383
-2.93264; -0.979735
-2.92931; -0.979076
-2.92598; -0.978406
-2.92264; -0.977726
-2.91931; -0.977035
-2.91597; -0.976333
-2.91264; -0.975621
-2.9093; -0.974898
-2.90597; -0.974164
-2.90263; -0.973419
-2.8993; -0.972664
-2.89597; -0.971898
-2.89263; -0.971122
-2.8893; -0.970334
-2.88596; -0.969537
-2.88263; -0.968728
-2.87929; -0.967909
-2.87596; -0.967079
-2.87262; -0.966238
-2.86929; -0.965387
-2.86596; -0.964524
-2.86262; -0.963652
-2.85929; -0.962768
-2.85595; -0.961874
-2.85262; -0.96097
-2.84928; -0.960054
-2.84595; -0.959128
-2.84261; -0.958191
-2.83928; -0.957244
-2.83595; -0.956286
-2.83261; -0.955317
-2.82928; -0.954338
-2.82594; -0.953348
-2.82261; -0.952347
-2.81927; -0.951336
-2.81594; -0.950314
-2.8126; -0.949282
-2.80927; -0.948238
-2.80594; -0.947185
-2.8026; -0.94612
-2.79927; -0.945045
-2.79593; -0.94396
-2.7926; -0.942863
-2.78926; -0.941757
-2.78593; -0.940639
-2.78259; -0.939512
-2.77926; -0.938373
-2.77593; -0.937224
-2.77259; -0.936064
-2.76926; -0.934894
-2.76592; -0.933714
-2.76259; -0.932523
-2.75925; -0.931321
-2.75592; -0.930109
-2.75258; -0.928886
-2.74925; -0.927653
-2.74592; -0.926409
-2.74258; -0.925156
-2.73925; -0.923891
-2.73591; -0.922616
-2.73258; -0.92133
-2.72924; -0.920035
-2.72591; -0.918728
-2.72257; -0.917412
-2.71924; -0.916084
-2.71591; -0.914747
-2.71257; -0.913399
-2.70924; -0.912041
-2.7059; -0.910673
-2.70257; -0.909294
-2.69923; -0.907904
-2.6959; -0.906505
-2.69256; -0.905095
-2.68923; -0.903675
-2.6859; -0.902245
-2.68256; -0.900804
-2.67923; -0.899353
-2.67589; -0.897892
-2.67256; -0.896421
-2.66922; -0.894939
-2.66589; -0.893447
-2.66255; -0.891945
-2.65922; -0.890433
-2.65589; -0.888911
-2.65255; -0.887379
-2.64922; -0.885836
-2.64588; -0.884283
-2.64255; -0.88272
-2.63921; -0.881148
-2.63588; -0.879565
-2.63254; -0.877972
-2.62921; -0.876369
-2.62588; -0.874756
-2.62254; -0.873133
-2.61921; -0.8715
-2.61587; -0.869857
-2.61254; -0.868204
-2.6092; -0.866541
-2.60587; -0.864869
-2.60253; -0.863186
-2.5992; -0.861494
-2.59587; -0.859791
-2.59253; -0.858079
-2.5892; -0.856357
-2.58586; -0.854625
-2.58253; -0.852883
-2.57919; -0.851132
-2.57586; -0.849371
-2.57252; -0.8476
-2.56919; -0.845819
-2.56586; -0.844028
-2.56252; -0.842228
-2.55919; -0.840419
-2.55585; -0.838599
-2.55252; -0.83677
-2.54918; -0.834931
-2.54585; -0.833083
-2.54251; -0.831226
-2.53918; -0.829358
-2.53585; -0.827482
-2.53251; -0.825595
-2.52918; -0.823699
-2.52584; -0.821794
-2.52251; -0.819879
-2.51917; -0.817955
-2.51584; -0.816022
-2.5125; -0.814079
-2.50917; -0.812126
-2.50584; -0.810165
-2.5025; -0.808194
-2.49917; -0.806213
-2.49583; -0.804224
-2.4925; -0.802225
-2.48916; -0.800217
-2.48583; -0.7982
-2.48249; -0.796174
-2.47916; -0.794138
-2.47583; -0.792093
-2.47249; -0.790039
-2.46916; -0.787976
-2.46582; -0.785904
-2.46249; -0.783823
-2.45915; -0.781733
-2.45582; -0.779634
-2.45248; -0.777526
-2.44915; -0.775409
-2.44582; -0.773283
-2.44248; -0.771149
-2.43915; -0.769005
-2.43581; -0.766852
-2.43248; -0.764691
-2.42914; -0.762521
-2.42581; -0.760342
-2.42247; -0.758154
-2.41914; -0.755958
-2.41581; -0.753753
-2.41247; -0.751539
-2.40914; -0.749316
-2.4058; -0.747085
-2.40247; -0.744845
-2.39913; -0.742597
-2.3958; -0.74034
-2.39246; -0.738075
-2.38913; -0.735801
-2.3858; -0.733519
-2.38246; -0.731228
-2.37913; -0.728929
-2.37579; -0.726621
-2.37246; -0.724305
-2.36912; -0.721981
-2.36579; -0.719648
-2.36245; -0.717307
-2.35912; -0.714958
-2.35579; -0.712601
-2.35245; -0.710235
-2.34912; -0.707862
-2.34578; -0.70548
-2.34245; -0.70309
-2.33911; -0.700692
-2.33578; -0.698285
-2.33244; -0.695871
-2.32911; -0.693449
-2.32578; -0.691019
-2.32244; -0.68858
-2.31911; -0.686134
-2.31577; -0.68368
-2.31244; -0.681219
-2.3091; -0.678749
-2.30577; -0.676272
-2.30243; -0.673786
-2.2991; -0.671293
-2.29577; -0.668792
-2.29243; -0.666284
-2.2891; -0.663768
-2.28576; -0.661244
-2.28243; -0.658713
-2.27909; -0.656174
-2.27576; -0.653628
-2.27242; -0.651074
-2.26909; -0.648512
-2.26576; -0.645943
-2.26242; -0.643367
-2.25909; -0.640783
-2.25575; -0.638192
-2.25242; -0.635594
-2.24908; -0.632988
-2.24575; -0.630375
-2.24241; -0.627755
-2.23908; -0.625128
-2.23575; -0.622493
-2.23241; -0.619852
-2.22908; -0.617203
-2.22574; -0.614547
-2.22241; -0.611884
-2.21907; -0.609214
-2.21574; -0.606537
-2.2124; -0.603853
-2.20907; -0.601162
-2.20574; -0.598465
-2.2024; -0.59576
-2.19907; -0.593049
-2.19573; -0.59033
-2.1924; -0.587605
-2.18906; -0.584874
-2.18573; -0.582135
-2.18239; -0.57939
-2.17906; -0.576638
-2.17573; -0.57388
-2.17239; -0.571115
-2.16906; -0.568344
-2.16572; -0.565566
-2.16239; -0.562782
-2.15905; -0.559991
-2.15572; -0.557193
-2.15238; -0.55439
-2.14905; -0.55158
-2.14572; -0.548764
-2.14238; -0.545941
-2.13905; -0.543113
-2.13571; -0.540277
-2.13238; -0.537437
-2.12904; -0.534589
-2.12571; -0.531736
-2.12237; -0.528877
-2.11904; -0.526011
-2.11571; -0.523139
-2.11237; -0.520262
-2.10904; -0.517379
-2.1057; -0.514489
-2.10237; -0.511594
-2.09903; -0.508693
-2.0957; -0.505787
-2.09236; -0.502874
-2.08903; -0.499956
-2.0857; -0.497032
-2.08236; -0.494102
-2.07903; -0.491167
-2.07569; -0.488226
-2.07236; -0.48528
-2.06902; -0.482328
-2.06569; -0.479371
-2.06235; -0.476408
-2.05902; -0.47344
-2.05569; -0.470466
-2.05235; -0.467487
-2.04902; -0.464503
-2.04568; -0.461513
-2.04235; -0.458518
-2.03901; -0.455518
-2.03568; -0.452513
-2.03234; -0.449503
-2.02901; -0.446488
-2.02568; -0.443467
-2.02234; -0.440442
-2.01901; -0.437411
-2.01567; -0.434376
-2.01234; -0.431335
-2.009; -0.42829
-2.00567; -0.42524
-2.00233; -0.422185
-1.999; -0.419126
-1.99567; -0.416061
-1.99233; -0.412992
-1.989; -0.409919
-1.98566; -0.40684
-1.98233; -0.403757
-1.97899; -0.40067
-1.97566; -0.397578
-1.97232; -0.394481
-1.96899; -0.39138
-1.96566; -0.388275
-1.96232; -0.385165
-1.95899; -0.382051
-1.95565; -0.378933
-1.95232; -0.37581
-1.94898; -0.372683
-1.94565; -0.369552
-1.94231; -0.366417
-1.93898; -0.363277
-1.93565; -0.360134
-1.93231; -0.356987
-1.92898; -0.353835
-1.92564; -0.35068
-1.92231; -0.34752
-1.91897; -0.344357
-1.91564; -0.34119
-1.9123; -0.338019
-1.90897; -0.334844
-1.90564; -0.331666
-1.9023; -0.328484
-1.89897; -0.325298
-1.89563; -0.322108
-1.8923; -0.318915
-1.88896; -0.315718
-1.88563; -0.312518
-1.88229; -0.309315
-1.87896; -0.306108
-1.87563; -0.302897
-1.87229; -0.299683
-1.86896; -0.296466
-1.86562; -0.293245
-1.86229; -0.290022
-1.85895; -0.286795
-1.85562; -0.283565
-1.85228; -0.280331
-1.84895; -0.277095
-1.84562; -0.273855
-1.84228; -0.270613
-1.83895; -0.267367
-1.83561; -0.264119
-1.83228; -0.260867
-1.82894; -0.257613
-1.82561; -0.254356
-1.82227; -0.251096
-1.81894; -0.247833
-1.81561; -0.244568
-1.81227; -0.2413
-1.80894; -0.238029
-1.8056; -0.234756
-1.80227; -0.23148
-1.79893; -0.228201
-1.7956; -0.22492
-1.79226; -0.221637
-1.78893; -0.218351
-1.7856; -0.215063
-1.78226; -0.211772
-1.77893; -0.208479
-1.77559; -0.205184
-1.77226; -0.201887
-1.76892; -0.198587
-1.76559; -0.195285
-1.76225; -0.191981
-1.75892; -0.188675
-1.75559; -0.185367
-1.75225; -0.182057
-1.74892; -0.178745
-1.74558; -0.175431
-1.74225; -0.172115
-1.73891; -0.168798
-1.73558; -0.165478
-1.73224; -0.162157
-1.72891; -0.158834
-1.72558; -0.15551
-1.72224; -0.152183
-1.71891; -0.148855
-1.71557; -0.145526
-1.71224; -0.142195
-1.7089; -0.138862
-1.70557; -0.135528
-1.70223; -0.132193
-1.6989; -0.128856
-1.69557; -0.125518
-1.69223; -0.122178
-1.6889; -0.118837
-1.68556; -0.115495
-1.68223; -0.112152
-1.67889; -0.108808
-1.67556; -0.105462
-1.67222; -0.102115
-1.66889; -0.0987678
-1.66556; -0.0954191
-1.66222; -0.0920695
-1.65889; -0.0887191
-1.65555; -0.0853675
-1.65222; -0.0820153
-1.64888; -0.0786623
-1.64555; -0.0753084
-1.64221; -0.0719538
-1.63888; -0.0685985
-1.63555; -0.0652426
-1.63221; -0.061886
-1.62888; -0.0585289
-1.62554; -0.0551711
-1.62221; -0.051813
-1.61887; -0.0484542
-1.61554; -0.0450952
-1.6122; -0.0417358
-1.60887; -0.0383759
-1.60554; -0.0350158
-1.6022; -0.0316554
-1.59887; -0.0282947
-1.59553; -0.0249339
-1.5922; -0.0215729
-1.58886; -0.0182117
-1.58553; -0.0148505
-1.58219; -0.0114893
-1.57886; -0.00812795
-1.57553; -0.00476683
-1.57219; -0.00140567
-1.56886; 0.00195539
-1.56552; 0.00531627
-1.56219; 0.00867697
-1.55885; 0.0120375
-1.55552; 0.0153977
-1.55218; 0.0187576
-1.54885; 0.0221173
-1.54552; 0.0254764
-1.54218; 0.0288353
-1.53885; 0.0321936
-1.53551; 0.0355515
-1.53218; 0.0389088
-1.52884; 0.0422655
-1.52551; 0.0456217
-1.52217; 0.0489773
-1.51884; 0.052332
-1.51551; 0.0556861
-1.51217; 0.0590395
-1.50884; 0.062392
-1.5055; 0.0657437
-1.50217; 0.0690946
-1.49883; 0.0724445
-1.4955; 0.0757935
-1.49216; 0.0791415
-1.48883; 0.0824885
-1.4855; 0.0858344
-1.48216; 0.0891793
-1.47883; 0.0925229
-1.47549; 0.0958655
-1.47216; 0.0992068
-1.46882; 0.102547
-1.46549; 0.105886
-1.46215; 0.109223
-1.45882; 0.112559
-1.45549; 0.115894
-1.45215; 0.119227
-1.44882; 0.122559
-1.44548; 0.125889
-1.44215; 0.129218
-1.43881; 0.132545
-1.43548; 0.13587
-1.43214; 0.139194
-1.42881; 0.142516
-1.42548; 0.145837
-1.42214; 0.149155
-1.41881; 0.152472
-1.41547; 0.155787
-1.41214; 0.1591
-1.4088; 0.162411
-1.40547; 0.165721
-1.40213; 0.169028
-1.3988; 0.172333
-1.39547; 0.175636
-1.39213; 0.178937
-1.3888; 0.182236
-1.38546; 0.185533
-1.38213; 0.188827
-1.37879; 0.192119
-1.37546; 0.195409
-1.37212; 0.198697
-1.36879; 0.201982
-1.36546; 0.205265
-1.36212; 0.208545
-1.35879; 0.211823
-1.35545; 0.215098
-1.35212; 0.218371
-1.34878; 0.221641
-1.34545; 0.224909
-1.34211; 0.228174
-1.33878; 0.231436
-1.33545; 0.234695
-1.33211; 0.237952
-1.32878; 0.241206
-1.32544; 0.244457
-1.32211; 0.247706
-1.31877; 0.250951
-1.31544; 0.254193
-1.3121; 0.257433
-1.30877; 0.260669
-1.30544; 0.263902
-1.3021; 0.267133
-1.29877; 0.27036
-1.29543; 0.273583
-1.2921; 0.276804
-1.28876; 0.280022
-1.28543; 0.283236
-1.28209; 0.286447
-1.27876; 0.289654
-1.27543; 0.292859
-1.27209; 0.296059
-1.26876; 0.299257
-1.26542; 0.302451
-1.26209; 0.305641
-1.25875; 0.308828
-1.25542; 0.312011
-1.25208; 0.31519
-1.24875; 0.318366
-1.24542; 0.321538
-1.24208; 0.324707
-1.23875; 0.327872
-1.23541; 0.331033
-1.23208; 0.33419
-1.22874; 0.337343
-1.22541; 0.340492
-1.22207; 0.343637
-1.21874; 0.346779
-1.21541; 0.349916
-1.21207; 0.353049
-1.20874; 0.356179
-1.2054; 0.359304
-1.20207; 0.362425
-1.19873; 0.365541
-1.1954; 0.368654
-1.19206; 0.371762
-1.18873; 0.374866
-1.1854; 0.377966
-1.18206; 0.381061
-1.17873; 0.384152
-1.17539; 0.387239
-1.17206; 0.390321
-1.16872; 0.393399
-1.16539; 0.396472
-1.16205; 0.39954
-1.15872; 0.402604
-1.15539; 0.405664
-1.15205; 0.408718
-1.14872; 0.411768
-1.14538; 0.414813
-1.14205; 0.417854
-1.13871; 0.42089
-1.13538; 0.423921
-1.13204; 0.426947
-1.12871; 0.429968
-1.12538; 0.432984
-1.12204; 0.435995
-1.11871; 0.439001
-1.11537; 0.442003
-1.11204; 0.444999
-1.1087; 0.44799
-1.10537; 0.450976
-1.10203; 0.453957
-1.0987; 0.456932
-1.09537; 0.459903
-1.09203; 0.462868
-1.0887; 0.465828
-1.08536; 0.468782
-1.08203; 0.471732
-1.07869; 0.474675
-1.07536; 0.477614
-1.07202; 0.480547
-1.06869; 0.483474
-1.06536; 0.486396
-1.06202; 0.489313
-1.05869; 0.492224
-1.05535; 0.495129
-1.05202; 0.498029
-1.04868; 0.500923
-1.04535; 0.503811
-1.04201; 0.506693
-1.03868; 0.50957
-1.03535; 0.512441
-1.03201; 0.515306
-1.02868; 0.518166
-1.02534; 0.521019
-1.02201; 0.523867
-1.01867; 0.526708
-1.01534; 0.529544
-1.012; 0.532374
-1.00867; 0.535197
-1.00534; 0.538015
-1.002; 0.540826
-0.998666; 0.543631
-0.995332; 0.54643
-0.991997; 0.549223
-0.988663; 0.55201
-0.985329; 0.55479
-0.981994; 0.557565
-0.97866; 0.560332
-0.975325; 0.563094
-0.971991; 0.565849
-0.968656; 0.568598
-0.965322; 0.57134
-0.961987; 0.574076
-0.958653; 0.576805
-0.955319; 0.579528
-0.951984; 0.582244
-0.94865; 0.584954
-0.945315; 0.587657
-0.941981; 0.590354
-0.938646; 0.593043
-0.935312; 0.595726
-0.931977; 0.598403
-0.928643; 0.601072
-0.925309; 0.603735
-0.921974; 0.606391
-0.91864; 0.60904
-0.915305; 0.611683
-0.911971; 0.614318
-0.908636; 0.616947
-0.905302; 0.619568
-0.901967; 0.622183
-0.898633; 0.62479
-0.895299; 0.627391
-0.891964; 0.629984
-0.88863; 0.63257
-0.885295; 0.63515
-0.881961; 0.637722
-0.878626; 0.640287
-0.875292; 0.642844
-0.871957; 0.645395
-0.868623; 0.647938
-0.865289; 0.650474
-0.861954; 0.653003
-0.85862; 0.655524
-0.855285; 0.658038
-0.851951; 0.660544
-0.848616; 0.663043
-0.845282; 0.665535
-0.841947; 0.668019
-0.838613; 0.670496
-0.835279; 0.672965
-0.831944; 0.675426
-0.82861; 0.67788
-0.825275; 0.680327
-0.821941; 0.682765
-0.818606; 0.685197
-0.815272; 0.68762
-0.811937; 0.690036
-0.808603; 0.692444
-0.805269; 0.694844
-0.801934; 0.697236
-0.7986; 0.699621
-0.795265; 0.701997
-0.791931; 0.704366
-0.788596; 0.706727
-0.785262; 0.70908
-0.781927; 0.711426
-0.778593; 0.713763
-0.775259; 0.716092
-0.771924; 0.718413
-0.76859; 0.720726
-0.765255; 0.723031
-0.761921; 0.725328
-0.758586; 0.727617
-0.755252; 0.729898
-0.751917; 0.73217
-0.748583; 0.734434
-0.745249; 0.736691
-0.741914; 0.738939
-0.73858; 0.741178
-0.735245; 0.743409
-0.731911; 0.745633
-0.728576; 0.747847
-0.725242; 0.750054
-0.721907; 0.752252
-0.718573; 0.754441
-0.715239; 0.756622
-0.711904; 0.758795
-0.70857; 0.760959
-0.705235; 0.763115
-0.701901; 0.765262
-0.698566; 0.767401
-0.695232; 0.769531
-0.691897; 0.771653
-0.688563; 0.773766
-0.685229; 0.77587
-0.681894; 0.777965
-0.67856; 0.780052
-0.675225; 0.782131
-0.671891; 0.7842
-0.668556; 0.786261
-0.665222; 0.788313
-0.661887; 0.790356
-0.658553; 0.792391
-0.655219; 0.794416
-0.651884; 0.796433
-0.64855; 0.798441
-0.645215; 0.80044
-0.641881; 0.80243
-0.638546; 0.804411
-0.635212; 0.806383
-0.631877; 0.808347
-0.628543; 0.810301
-0.625209; 0.812246
-0.621874; 0.814182
-0.61854; 0.816109
-0.615205; 0.818027
-0.611871; 0.819936
-0.608536; 0.821836
-0.605202; 0.823727
-0.601867; 0.825608
-0.598533; 0.82748
-0.595199; 0.829343
-0.591864; 0.831197
-0.58853; 0.833042
-0.585195; 0.834877
-0.581861; 0.836704
-0.578526; 0.83852
-0.575192; 0.840328
-0.571857; 0.842126
-0.568523; 0.843915
-0.565189; 0.845694
-0.561854; 0.847464
-0.55852; 0.849225
-0.555185; 0.850976
-0.551851; 0.852718
-0.548516; 0.85445
-0.545182; 0.856173
-0.541847; 0.857886
-0.538513; 0.85959
-0.535179; 0.861284
-0.531844; 0.862969
-0.52851; 0.864644
-0.525175; 0.866309
-0.521841; 0.867965
-0.518506; 0.869612
-0.515172; 0.871248
-0.511837; 0.872875
-0.508503; 0.874492
-0.505168; 0.8761
-0.501834; 0.877698
-0.4985; 0.879286
-0.495165; 0.880864
-0.491831; 0.882433
-0.488496; 0.883992
-0.485162; 0.885541
-0.481827; 0.88708
-0.478493; 0.888609
-0.475159; 0.890129
-0.471824; 0.891638
-0.46849; 0.893138
-0.465155; 0.894628
-0.461821; 0.896108
-0.458486; 0.897578
-0.455152; 0.899038
-0.451817; 0.900488
-0.448483; 0.901929
-0.445149; 0.903359
-0.441814; 0.904779
-0.43848; 0.906189
-0.435145; 0.907589
-0.431811; 0.90898
-0.428476; 0.91036
-0.425142; 0.91173
-0.421807; 0.913089
-0.418473; 0.914439
-0.415139; 0.915779
-0.411804; 0.917108
-0.40847; 0.918428
-0.405135; 0.919737
-0.401801; 0.921036
-0.398466; 0.922325
-0.395132; 0.923604
-0.391797; 0.924872
-0.388463; 0.92613
-0.385129; 0.927378
-0.381794; 0.928616
-0.37846; 0.929843
-0.375125; 0.931061
-0.371791; 0.932267
-0.368456; 0.933464
-0.365122; 0.93465
-0.361787; 0.935826
-0.358453; 0.936992
-0.355119; 0.938147
-0.351784; 0.939292
-0.34845; 0.940426
-0.345115; 0.94155
-0.341781; 0.942664
-0.338446; 0.943767
-0.335112; 0.94486
-0.331777; 0.945943
-0.328443; 0.947015
-0.325108; 0.948076
-0.321774; 0.949127
-0.31844; 0.950168
-0.315105; 0.951198
-0.311771; 0.952217
-0.308436; 0.953226
-0.305102; 0.954225
-0.301767; 0.955213
-0.298433; 0.95619
-0.295099; 0.957157
-0.291764; 0.958113
-0.28843; 0.959059
-0.285095; 0.959994
-0.281761; 0.960919
-0.278426; 0.961833
-0.275092; 0.962736
-0.271757; 0.963629
-0.268423; 0.964511
-0.265088; 0.965382
-0.261754; 0.966243
-0.25842; 0.967093
-0.255085; 0.967932
-0.251751; 0.968761
-0.248416; 0.969579
-0.245082; 0.970387
-0.241747; 0.971183
-0.238413; 0.971969
-0.235078; 0.972744
-0.231744; 0.973509
-0.22841; 0.974263
-0.225075; 0.975006
-0.221741; 0.975738
-0.218406; 0.976459
-0.215072; 0.97717
-0.211737; 0.97787
-0.208403; 0.978559
-0.205068; 0.979238
-0.201734; 0.979905
-0.1984; 0.980562
-0.195065; 0.981208
-0.191731; 0.981843
-0.188396; 0.982467
-0.185062; 0.983081
-0.181727; 0.983683
-0.178393; 0.984275
-0.175058; 0.984856
-0.171724; 0.985426
-0.16839; 0.985986
-0.165055; 0.986534
-0.161721; 0.987071
-0.158386; 0.987598
-0.155052; 0.988114
-0.151717; 0.988619
-0.148383; 0.989112
-0.145048; 0.989596
-0.141714; 0.990068
-0.13838; 0.990529
-0.135045; 0.990979
-0.131711; 0.991419
-0.128376; 0.991847
-0.125042; 0.992265
-0.121707; 0.992671
-0.118373; 0.993067
-0.115038; 0.993451
-0.111704; 0.993825
-0.10837; 0.994188
-0.105035; 0.99454
-0.101701; 0.994881
-0.0983663; 0.995211
-0.0950318; 0.99553
-0.0916974; 0.995838
-0.0883629; 0.996135
-0.0850285; 0.996421
-0.081694; 0.996696
-0.0783596; 0.99696
-0.0750252; 0.997213
-0.0716907; 0.997455
-0.0683563; 0.997686
-0.0650218; 0.997906
-0.0616874; 0.998116
-0.0583529; 0.998314
-0.0550185; 0.998501
-0.051684; 0.998677
-0.0483496; 0.998842
-0.0450152; 0.998996
-0.0416807; 0.99914
-0.0383463; 0.999272
-0.0350118; 0.999393
-0.0316774; 0.999503
-0.0283429; 0.999602
-0.0250085; 0.99969
-0.021674; 0.999767
-0.0183396; 0.999833
-0.0150052; 0.999888
-0.0116707; 0.999933
-0.00833626; 0.999966
-0.00500182; 0.999988
-0.00166737; 0.999999
0.00166707; 0.999999
0.00500152; 0.999988
0.00833596; 0.999966
0.0116704; 0.999933
0.0150049; 0.999888
0.0183393; 0.999833
0.0216737; 0.999767
0.0250082; 0.99969
0.0283426; 0.999602
0.0316771; 0.999503
0.0350115; 0.999393
0.038346; 0.999272
0.0416804; 0.99914
0.0450149; 0.998996
0.0483493; 0.998842
0.0516837; 0.998677
0.0550182; 0.998501
0.0583526; 0.998314
0.0616871; 0.998116
0.0650215; 0.997907
0.068356; 0.997686
0.0716904; 0.997455
0.0750249; 0.997213
0.0783593; 0.99696
0.0816937; 0.996696
0.0850282; 0.996421
0.0883626; 0.996135
0.0916971; 0.995838
0.0950315; 0.99553
0.098366; 0.995211
0.1017; 0.994881
0.105035; 0.99454
0.108369; 0.994188
0.111704; 0.993825
0.115038; 0.993451
0.118373; 0.993067
0.121707; 0.992671
0.125042; 0.992265
0.128376; 0.991847
0.13171; 0.991419
0.135045; 0.990979
0.138379; 0.990529
0.141714; 0.990068
0.145048; 0.989596
0.148383; 0.989112
0.151717; 0.988619
0.155052; 0.988114
0.158386; 0.987598
0.16172; 0.987071
0.165055; 0.986534
0.168389; 0.985986
0.171724; 0.985426
0.175058; 0.984856
0.178393; 0.984275
0.181727; 0.983684
0.185062; 0.983081
0.188396; 0.982467
0.19173; 0.981843
0.195065; 0.981208
0.198399; 0.980562
0.201734; 0.979905
0.205068; 0.979238
0.208403; 0.978559
0.211737; 0.97787
0.215072; 0.97717
0.218406; 0.97646
0.22174; 0.975738
0.225075; 0.975006
0.228409; 0.974263
0.231744; 0.973509
0.235078; 0.972744
0.238413; 0.971969
0.241747; 0.971183
0.245082; 0.970387
0.248416; 0.969579
0.25175; 0.968761
0.255085; 0.967933
0.258419; 0.967093
0.261754; 0.966243
0.265088; 0.965382
0.268423; 0.964511
0.271757; 0.963629
0.275092; 0.962736
0.278426; 0.961833
0.28176; 0.960919
0.285095; 0.959994
0.288429; 0.959059
0.291764; 0.958113
0.295098; 0.957157
0.298433; 0.95619
0.301767; 0.955213
0.305102; 0.954225
0.308436; 0.953226
0.31177; 0.952217
0.315105; 0.951198
0.318439; 0.950168
0.321774; 0.949127
0.325108; 0.948076
0.328443; 0.947015
0.331777; 0.945943
0.335112; 0.94486
0.338446; 0.943767
0.34178; 0.942664
0.345115; 0.941551
0.348449; 0.940426
0.351784; 0.939292
0.355118; 0.938147
0.358453; 0.936992
0.361787; 0.935826
0.365122; 0.93465
0.368456; 0.933464
0.37179; 0.932268
0.375125; 0.931061
0.378459; 0.929843
0.381794; 0.928616
0.385128; 0.927378
0.388463; 0.92613
0.391797; 0.924872
0.395132; 0.923604
0.398466; 0.922325
0.4018; 0.921036
0.405135; 0.919737
0.408469; 0.918428
0.411804; 0.917109
0.415138; 0.915779
0.418473; 0.914439
0.421807; 0.91309
0.425142; 0.91173
0.428476; 0.91036
0.43181; 0.90898
0.435145; 0.90759
0.438479; 0.906189
0.441814; 0.904779
0.445148; 0.903359
0.448483; 0.901929
0.451817; 0.900489
0.455152; 0.899038
0.458486; 0.897578
0.46182; 0.896108
0.465155; 0.894628
0.468489; 0.893138
0.471824; 0.891639
0.475158; 0.890129
0.478493; 0.888609
0.481827; 0.88708
0.485162; 0.885541
0.488496; 0.883992
0.49183; 0.882433
0.495165; 0.880864
0.498499; 0.879286
0.501834; 0.877698
0.505168; 0.8761
0.508503; 0.874492
0.511837; 0.872875
0.515172; 0.871248
0.518506; 0.869612
0.52184; 0.867965
0.525175; 0.86631
0.528509; 0.864644
0.531844; 0.862969
0.535178; 0.861284
0.538513; 0.85959
0.541847; 0.857886
0.545182; 0.856173
0.548516; 0.85445
0.55185; 0.852718
0.555185; 0.850976
0.558519; 0.849225
0.561854; 0.847464
0.565188; 0.845694
0.568523; 0.843915
0.571857; 0.842126
0.575192; 0.840328
0.578526; 0.838521
0.58186; 0.836704
0.585195; 0.834878
0.588529; 0.833042
0.591864; 0.831198
0.595198; 0.829344
0.598533; 0.827481
0.601867; 0.825608
0.605202; 0.823727
0.608536; 0.821836
0.61187; 0.819936
0.615205; 0.818027
0.618539; 0.816109
0.621874; 0.814182
0.625208; 0.812246
0.628543; 0.810301
0.631877; 0.808347
0.635212; 0.806384
0.638546; 0.804411
0.64188; 0.80243
0.645215; 0.80044
0.648549; 0.798441
0.651884; 0.796433
0.655218; 0.794416
0.658553; 0.792391
0.661887; 0.790356
0.665222; 0.788313
0.668556; 0.786261
0.67189; 0.7842
0.675225; 0.782131
0.678559; 0.780053
0.681894; 0.777966
0.685228; 0.77587
0.688563; 0.773766
0.691897; 0.771653
0.695232; 0.769531
0.698566; 0.767401
0.7019; 0.765262
0.705235; 0.763115
0.708569; 0.760959
0.711904; 0.758795
0.715238; 0.756622
0.718573; 0.754441
0.721907; 0.752252
0.725242; 0.750054
0.728576; 0.747847
0.73191; 0.745633
0.735245; 0.74341
0.738579; 0.741178
0.741914; 0.738939
0.745248; 0.736691
0.748583; 0.734435
0.751917; 0.73217
0.755252; 0.729898
0.758586; 0.727617
0.76192; 0.725328
0.765255; 0.723031
0.768589; 0.720726
0.771924; 0.718413
0.775258; 0.716092
0.778593; 0.713763
0.781927; 0.711426
0.785262; 0.709081
0.788596; 0.706728
0.79193; 0.704367
0.795265; 0.701998
0.798599; 0.699621
0.801934; 0.697236
0.805268; 0.694844
0.808603; 0.692444
0.811937; 0.690036
0.815272; 0.68762
0.818606; 0.685197
0.82194; 0.682766
0.825275; 0.680327
0.828609; 0.677881
0.831944; 0.675427
0.835278; 0.672965
0.838613; 0.670496
0.841947; 0.668019
0.845282; 0.665535
0.848616; 0.663043
0.85195; 0.660544
0.855285; 0.658038
0.858619; 0.655524
0.861954; 0.653003
0.865288; 0.650474
0.868623; 0.647938
0.871957; 0.645395
0.875292; 0.642845
0.878626; 0.640287
0.88196; 0.637722
0.885295; 0.63515
0.888629; 0.632571
0.891964; 0.629984
0.895298; 0.627391
0.898633; 0.62479
0.901967; 0.622183
0.905302; 0.619568
0.908636; 0.616947
0.91197; 0.614318
0.915305; 0.611683
0.918639; 0.609041
0.921974; 0.606391
0.925308; 0.603735
0.928643; 0.601073
0.931977; 0.598403
0.935312; 0.595727
0.938646; 0.593044
0.94198; 0.590354
0.945315; 0.587657
0.948649; 0.584954
0.951984; 0.582245
0.955318; 0.579528
0.958653; 0.576805
0.961987; 0.574076
0.965322; 0.57134
0.968656; 0.568598
0.97199; 0.565849
0.975325; 0.563094
0.978659; 0.560333
0.981994; 0.557565
0.985328; 0.554791
0.988663; 0.55201
0.991997; 0.549224
0.995332; 0.546431
0.998666; 0.543631
1.002; 0.540826
1.00533; 0.538015
1.00867; 0.535197
1.012; 0.532374
1.01534; 0.529544
1.01867; 0.526709
1.02201; 0.523867
1.02534; 0.52102
1.02868; 0.518166
1.03201; 0.515307
1.03534; 0.512442
1.03868; 0.509571
1.04201; 0.506694
1.04535; 0.503811
1.04868; 0.500923
1.05202; 0.498029
1.05535; 0.495129
1.05869; 0.492224
1.06202; 0.489313
1.06535; 0.486397
1.06869; 0.483475
1.07202; 0.480547
1.07536; 0.477614
1.07869; 0.474676
1.08203; 0.471732
1.08536; 0.468783
1.0887; 0.465828
1.09203; 0.462868
1.09536; 0.459903
1.0987; 0.456933
1.10203; 0.453957
1.10537; 0.450976
1.1087; 0.44799
1.11204; 0.444999
1.11537; 0.442003
1.11871; 0.439002
1.12204; 0.435995
1.12537; 0.432984
1.12871; 0.429968
1.13204; 0.426947
1.13538; 0.423921
1.13871; 0.42089
1.14205; 0.417854
1.14538; 0.414814
1.14872; 0.411768
1.15205; 0.408718
1.15538; 0.405664
1.15872; 0.402604
1.16205; 0.399541
1.16539; 0.396472
1.16872; 0.393399
1.17206; 0.390321
1.17539; 0.387239
1.17873; 0.384153
1.18206; 0.381062
1.1854; 0.377966
1.18873; 0.374867
1.19206; 0.371763
1.1954; 0.368654
1.19873; 0.365542
1.20207; 0.362425
1.2054; 0.359304
1.20874; 0.356179
1.21207; 0.35305
1.2154; 0.349916
1.21874; 0.346779
1.22207; 0.343638
1.22541; 0.340492
1.22874; 0.337343
1.23208; 0.33419
1.23541; 0.331033
1.23875; 0.327872
1.24208; 0.324707
1.24541; 0.321539
1.24875; 0.318366
1.25208; 0.315191
1.25542; 0.312011
1.25875; 0.308828
1.26209; 0.305641
1.26542; 0.302451
1.26876; 0.299257
1.27209; 0.29606
1.27542; 0.292859
1.27876; 0.289655
1.28209; 0.286447
1.28543; 0.283236
1.28876; 0.280022
1.2921; 0.276805
1.29543; 0.273584
1.29877; 0.27036
1.3021; 0.267133
1.30543; 0.263903
1.30877; 0.260669
1.3121; 0.257433
1.31544; 0.254194
1.31877; 0.250951
1.32211; 0.247706
1.32544; 0.244458
1.32878; 0.241206
1.33211; 0.237953
1.33544; 0.234696
1.33878; 0.231436
1.34211; 0.228174
1.34545; 0.224909
1.34878; 0.221641
1.35212; 0.218371
1.35545; 0.215098
1.35879; 0.211823
1.36212; 0.208545
1.36545; 0.205265
1.36879; 0.201982
1.37212; 0.198697
1.37546; 0.195409
1.37879; 0.192119
1.38213; 0.188827
1.38546; 0.185533
1.3888; 0.182236
1.39213; 0.178937
1.39547; 0.175636
1.3988; 0.172333
1.40213; 0.169028
1.40547; 0.165721
1.4088; 0.162412
1.41214; 0.159101
1.41547; 0.155787
1.41881; 0.152472
1.42214; 0.149156
1.42548; 0.145837
1.42881; 0.142517
1.43214; 0.139195
1.43548; 0.135871
1.43881; 0.132545
1.44215; 0.129218
1.44548; 0.125889
1.44882; 0.122559
1.45215; 0.119227
1.45548; 0.115894
1.45882; 0.112559
1.46215; 0.109223
1.46549; 0.105886
1.46882; 0.102547
1.47216; 0.099207
1.47549; 0.0958658
1.47883; 0.0925233
1.48216; 0.0891795
1.48549; 0.0858347
1.48883; 0.0824889
1.49216; 0.0791418
1.4955; 0.0757939
1.49883; 0.0724448
1.50217; 0.0690948
1.5055; 0.0657441
1.50884; 0.0623924
1.51217; 0.0590398
1.5155; 0.0556864
1.51884; 0.0523324
1.52217; 0.0489775
1.52551; 0.045622
1.52884; 0.0422658
1.53218; 0.038909
1.53551; 0.0355518
1.53885; 0.0321938
1.54218; 0.0288356
1.54551; 0.0254768
1.54885; 0.0221175
1.55218; 0.0187579
1.55552; 0.0153981
1.55885; 0.0120378
1.56219; 0.00867735
1.56552; 0.00531665
1.56886; 0.0019557
1.57219; -0.00140529
1.57552; -0.00476643
1.57886; -0.00812774
1.58219; -0.011489
1.58553; -0.0148502
1.58886; -0.0182114
1.5922; -0.0215725
1.59553; -0.0249337
1.59887; -0.0282944
1.6022; -0.031655
1.60554; -0.0350155
1.60887; -0.0383756
1.6122; -0.0417354
1.61554; -0.045095
1.61887; -0.048454
1.62221; -0.0518126
1.62554; -0.0551709
1.62888; -0.0585285
1.63221; -0.0618857
1.63555; -0.0652423
1.63888; -0.0685982
1.64221; -0.0719535
1.64555; -0.0753081
1.64888; -0.0786619
1.65222; -0.0820149
1.65555; -0.0853673
1.65889; -0.0887187
1.66222; -0.0920693
1.66556; -0.0954188
1.66889; -0.0987674
1.67222; -0.102115
1.67556; -0.105462
1.67889; -0.108807
1.68223; -0.112152
1.68556; -0.115495
1.6889; -0.118837
1.69223; -0.122178
1.69556; -0.125517
1.6989; -0.128855
1.70223; -0.132192
1.70557; -0.135528
1.7089; -0.138862
1.71224; -0.142194
1.71557; -0.145525
1.71891; -0.148855
1.72224; -0.152183
1.72557; -0.155509
1.72891; -0.158834
1.73224; -0.162157
1.73558; -0.165478
1.73891; -0.168798
1.74225; -0.172115
1.74558; -0.175431
1.74892; -0.178745
1.75225; -0.182057
1.75558; -0.185367
1.75892; -0.188675
1.76225; -0.191981
1.76559; -0.195285
1.76892; -0.198587
1.77226; -0.201886
1.77559; -0.205184
1.77893; -0.208479
1.78226; -0.211772
1.78559; -0.215062
1.78893; -0.218351
1.79226; -0.221637
1.7956; -0.22492
1.79893; -0.228201
1.80227; -0.231479
1.8056; -0.234756
1.80894; -0.238029
1.81227; -0.2413
1.81561; -0.244568
1.81894; -0.247833
1.82227; -0.251096
1.82561; -0.254356
1.82894; -0.257613
1.83228; -0.260867
1.83561; -0.264119
1.83895; -0.267367
1.84228; -0.270612
1.84562; -0.273855
1.84895; -0.277095
1.85228; -0.280331
1.85562; -0.283564
1.85895; -0.286794
1.86229; -0.290021
1.86562; -0.293245
1.86896; -0.296466
1.87229; -0.299683
1.87563; -0.302897
1.87896; -0.306107
1.88229; -0.309314
1.88563; -0.312518
1.88896; -0.315718
1.8923; -0.318915
1.89563; -0.322108
1.89897; -0.325297
1.9023; -0.328483
1.90563; -0.331665
1.90897; -0.334844
1.9123; -0.338019
1.91564; -0.34119
1.91897; -0.344357
1.92231; -0.34752
1.92564; -0.350679
1.92898; -0.353835
1.93231; -0.356986
1.93564; -0.360134
1.93898; -0.363277
1.94231; -0.366416
1.94565; -0.369552
1.94898; -0.372683
1.95232; -0.37581
1.95565; -0.378932
1.95899; -0.382051
1.96232; -0.385165
1.96565; -0.388275
1.96899; -0.39138
1.97232; -0.394481
1.97566; -0.397577
1.97899; -0.400669
1.98233; -0.403757
1.98566; -0.40684
1.989; -0.409918
1.99233; -0.412992
1.99566; -0.416061
1.999; -0.419125
2.00233; -0.422185
2.00567; -0.42524
2.009; -0.42829
2.01234; -0.431335
2.01567; -0.434376
2.01901; -0.437411
2.02234; -0.440441
2.02568; -0.443467
2.02901; -0.446487
2.03234; -0.449503
2.03568; -0.452513
2.03901; -0.455518
2.04235; -0.458518
2.04568; -0.461513
2.04902; -0.464503
2.05235; -0.467487
2.05569; -0.470466
2.05902; -0.473439
2.06235; -0.476407
2.06569; -0.47937
2.06902; -0.482328
2.07236; -0.48528
2.07569; -0.488226
2.07903; -0.491167
2.08236; -0.494102
2.0857; -0.497032
2.08903; -0.499956
2.09236; -0.502874
2.0957; -0.505786
2.09903; -0.508693
2.10237; -0.511594
2.1057; -0.514489
2.10904; -0.517379
2.11237; -0.520262
2.11571; -0.523139
2.11904; -0.526011
2.12237; -0.528876
2.12571; -0.531736
2.12904; -0.534589
2.13238; -0.537436
2.13571; -0.540277
2.13905; -0.543112
2.14238; -0.545941
2.14571; -0.548764
2.14905; -0.55158
2.15238; -0.55439
2.15572; -0.557193
2.15905; -0.559991
2.16239; -0.562781
2.16572; -0.565566
2.16906; -0.568344
2.17239; -0.571115
2.17572; -0.57388
2.17906; -0.576638
2.18239; -0.57939
2.18573; -0.582135
2.18906; -0.584873
2.1924; -0.587605
2.19573; -0.59033
2.19907; -0.593048
2.2024; -0.59576
2.20573; -0.598464
2.20907; -0.601162
2.2124; -0.603853
2.21574; -0.606537
2.21907; -0.609214
2.22241; -0.611884
2.22574; -0.614547
2.22908; -0.617203
2.23241; -0.619851
2.23574; -0.622493
2.23908; -0.625128
2.24241; -0.627755
2.24575; -0.630375
2.24908; -0.632988
2.25242; -0.635594
2.25575; -0.638192
2.25909; -0.640783
2.26242; -0.643367
2.26575; -0.645943
2.26909; -0.648512
2.27242; -0.651074
2.27576; -0.653627
2.27909; -0.656174
2.28243; -0.658713
2.28576; -0.661244
2.2891; -0.663768
2.29243; -0.666284
2.29576; -0.668792
2.2991; -0.671293
2.30243; -0.673786
2.30577; -0.676271
2.3091; -0.678749
2.31244; -0.681219
2.31577; -0.68368
2.31911; -0.686134
2.32244; -0.68858
2.32578; -0.691019
2.32911; -0.693449
2.33244; -0.695871
2.33578; -0.698285
2.33911; -0.700691
2.34245; -0.703089
2.34578; -0.70548
2.34912; -0.707861
2.35245; -0.710235
2.35579; -0.712601
2.35912; -0.714958
2.36245; -0.717307
2.36579; -0.719648
2.36912; -0.721981
2.37246; -0.724305
2.37579; -0.726621
2.37913; -0.728929
2.38246; -0.731228
2.3858; -0.733519
2.38913; -0.735801
2.39246; -0.738075
2.3958; -0.74034
2.39913; -0.742597
2.40247; -0.744845
2.4058; -0.747085
2.40914; -0.749316
2.41247; -0.751538
2.41581; -0.753752
2.41914; -0.755957
2.42247; -0.758154
2.42581; -0.760342
2.42914; -0.76252
2.43248; -0.764691
2.43581; -0.766852
2.43915; -0.769005
2.44248; -0.771148
2.44582; -0.773283
2.44915; -0.775409
2.45248; -0.777526
2.45582; -0.779634
2.45915; -0.781733
2.46249; -0.783823
2.46582; -0.785904
2.46916; -0.787976
2.47249; -0.790039
2.47583; -0.792093
2.47916; -0.794138
2.48249; -0.796173
2.48583; -0.798199
2.48916; -0.800217
2.4925; -0.802225
2.49583; -0.804224
2.49917; -0.806213
2.5025; -0.808193
2.50584; -0.810164
2.50917; -0.812126
2.5125; -0.814078
2.51584; -0.816021
2.51917; -0.817955
2.52251; -0.819879
2.52584; -0.821794
2.52918; -0.823699
2.53251; -0.825595
2.53585; -0.827481
2.53918; -0.829358
2.54251; -0.831225
2.54585; -0.833083
2.54918; -0.834931
2.55252; -0.83677
2.55585; -0.838599
2.55919; -0.840418
2.56252; -0.842228
2.56586; -0.844028
2.56919; -0.845819
2.57252; -0.847599
2.57586; -0.84937
2.57919; -0.851132
2.58253; -0.852883
2.58586; -0.854625
2.5892; -0.856357
2.59253; -0.858079
2.59587; -0.859791
2.5992; -0.861493
2.60253; -0.863186
2.60587; -0.864869
2.6092; -0.866541
2.61254; -0.868204
2.61587; -0.869857
2.61921; -0.8715
2.62254; -0.873133
2.62587; -0.874756
2.62921; -0.876369
2.63254; -0.877972
2.63588; -0.879565
2.63921; -0.881148
2.64255; -0.88272
2.64588; -0.884283
2.64922; -0.885836
2.65255; -0.887378
2.65588; -0.888911
2.65922; -0.890433
2.66255; -0.891945
2.66589; -0.893447
2.66922; -0.894939
2.67256; -0.89642
2.67589; -0.897892
2.67923; -0.899353
2.68256; -0.900804
2.68589; -0.902245
2.68923; -0.903675
2.69256; -0.905095
2.6959; -0.906505
2.69923; -0.907904
2.70257; -0.909294
2.7059; -0.910672
2.70924; -0.912041
2.71257; -0.913399
2.7159; -0.914747
2.71924; -0.916084
2.72257; -0.917411
2.72591; -0.918728
2.72924; -0.920034
2.73258; -0.92133
2.73591; -0.922616
2.73925; -0.923891
2.74258; -0.925155
2.74592; -0.926409
2.74925; -0.927653
2.75258; -0.928886
2.75592; -0.930109
2.75925; -0.931321
2.76259; -0.932523
2.76592; -0.933714
2.76926; -0.934894
2.77259; -0.936064
2.77593; -0.937224
2.77926; -0.938373
2.78259; -0.939511
2.78593; -0.940639
2.78926; -0.941757
2.7926; -0.942863
2.79593; -0.94396
2.79927; -0.945045
2.8026; -0.94612
2.80594; -0.947185
2.80927; -0.948238
2.8126; -0.949281
2.81594; -0.950314
2.81927; -0.951336
2.82261; -0.952347
2.82594; -0.953348
2.82928; -0.954338
2.83261; -0.955317
2.83595; -0.956286
2.83928; -0.957244
2.84261; -0.958191
2.84595; -0.959128
2.84928; -0.960054
2.85262; -0.96097
2.85595; -0.961874
2.85929; -0.962768
2.86262; -0.963652
2.86596; -0.964524
2.86929; -0.965387
2.87262; -0.966238
2.87596; -0.967079
2.87929; -0.967909
2.88263; -0.968728
2.88596; -0.969536
2.8893; -0.970334
2.89263; -0.971122
2.89597; -0.971898
2.8993; -0.972664
2.90263; -0.973419
2.90597; -0.974164
2.9093; -0.974897
2.91264; -0.975621
2.91597; -0.976333
2.91931; -0.977035
2.92264; -0.977726
2.92598; -0.978406
2.92931; -0.979076
2.93264; -0.979735
2.93598; -0.980383
2.93931; -0.981021
2.94265; -0.981648
2.94598; -0.982264
2.94932; -0.98287
2.95265; -0.983465
2.95599; -0.984049
2.95932; -0.984623
2.96265; -0.985186
2.96599; -0.985738
2.96932; -0.98628
2.97266; -0.986811
2.97599; -0.987332
2.97933; -0.987841
2.98266; -0.988341
2.986; -0.988829
2.98933; -0.989307
2.99266; -0.989775
2.996; -0.990232
2.99933; -0.990678
3.00267; -0.991114
3.006; -0.991539
3.00934; -0.991953
3.01267; -0.992358
3.01601; -0.992751
3.01934; -0.993134
3.02267; -0.993506
3.02601; -0.993868
3.02934; -0.994219
3.03268; -0.99456
3.03601; -0.994891
3.03935; -0.995211
3.04268; -0.99552
3.04602; -0.995819
3.04935; -0.996108
3.05268; -0.996386
3.05602; -0.996654
3.05935; -0.996911
3.06269; -0.997158
3.06602; -0.997394
3.06936; -0.99762
3.07269; -0.997836
3.07603; -0.998042
3.07936; -0.998237
3.08269; -0.998421
3.08603; -0.998596
3.08936; -0.99876
3.0927; -0.998914
3.09603; -0.999057
3.09937; -0.999191
3.1027; -0.999314
3.10603; -0.999427
3.10937; -0.99953
3.1127; -0.999622
3.11604; -0.999704
3.11937; -0.999777
3.12271; -0.999839
3.12604; -0.999891
3.12938; -0.999932
3.13271; -0.999964
3.13605; -0.999986
3.13938; -0.999998
3.14271; -0.999999
3.14605; -0.999991
3.14938; -0.999972
3.15272; -0.999944
3.15605; -0.999906
3.15939; -0.999858
3.16272; -0.9998
3.16606; -0.999732
3.16939; -0.999654
3.17272; -0.999566
3.17606; -0.999469
3.17939; -0.999361
3.18273; -0.999244
3.18606; -0.999117
3.1894; -0.998981
3.19273; -0.998835
3.19607; -0.998679
3.1994; -0.998513
3.20273; -0.998337
3.20607; -0.998153
3.2094; -0.997958
3.21274; -0.997754
3.21607; -0.99754
3.21941; -0.997317
3.22274; -0.997085
3.22608; -0.996843
3.22941; -0.996591
3.23274; -0.99633
3.23608; -0.99606
3.23941; -0.99578
3.24275; -0.995491
3.24608; -0.995193
3.24942; -0.994886
3.25275; -0.994569
3.25609; -0.994243
3.25942; -0.993908
3.26275; -0.993564
3.26609; -0.99321
3.26942; -0.992848
3.27276; -0.992477
3.27609; -0.992096
3.27943; -0.991706
3.28276; -0.991308
3.2861; -0.9909
3.28943; -0.990484
3.29276; -0.990059
3.2961; -0.989625
3.29943; -0.989182
3.30277; -0.98873
3.3061; -0.98827
3.30944; -0.9878
3.31277; -0.987323
3.31611; -0.986836
3.31944; -0.986341
3.32277; -0.985838
3.32611; -0.985326
3.32944; -0.984806
3.33278; -0.984277
3.33611; -0.983739
3.33945; -0.983194
3.34278; -0.982639
3.34612; -0.982077
3.34945; -0.981506
3.35278; -0.980928
3.35612; -0.980341
3.35945; -0.979745
3.36279; -0.979142
3.36612; -0.978531
3.36946; -0.977912
3.37279; -0.977284
3.37613; -0.976649
3.37946; -0.976005
3.38279; -0.975355
3.38613; -0.974696
3.38946; -0.974029
3.3928; -0.973355
3.39613; -0.972673
3.39947; -0.971983
3.4028; -0.971286
3.40614; -0.970581
3.40947; -0.969869
3.4128; -0.969149
3.41614; -0.968422
3.41947; -0.967687
3.42281; -0.966945
3.42614; -0.966196
3.42948; -0.96544
3.43281; -0.964676
3.43615; -0.963906
3.43948; -0.963128
3.44281; -0.962343
3.44615; -0.961551
3.44948; -0.960752
3.45282; -0.959946
3.45615; -0.959134
3.45949; -0.958315
3.46282; -0.957488
3.46616; -0.956656
3.46949; -0.955817
3.47282; -0.95497
3.47616; -0.954118
3.47949; -0.953259
3.48283; -0.952394
3.48616; -0.951522
3.4895; -0.950644
3.49283; -0.94976
3.49617; -0.948869
3.4995; -0.947972
3.50283; -0.947069
3.50617; -0.946161
3.5095; -0.945246
3.51284; -0.944325
3.51617; -0.943399
3.51951; -0.942466
3.52284; -0.941528
3.52618; -0.940584
3.52951; -0.939634
3.53284; -0.938679
3.53618; -0.937718
3.53951; -0.936752
3.54285; -0.935781
3.54618; -0.934804
3.54952; -0.933822
3.55285; -0.932834
3.55619; -0.931841
3.55952; -0.930844
3.56285; -0.929841
3.56619; -0.928834
3.56952; -0.927821
3.57286; -0.926804
3.57619; -0.925781
3.57953; -0.924754
3.58286; -0.923723
3.5862; -0.922687
3.58953; -0.921646
3.59286; -0.920601
3.5962; -0.919551
3.59953; -0.918498
3.60287; -0.917439
3.6062; -0.916377
3.60954; -0.91531
3.61287; -0.91424
3.61621; -0.913165
3.61954; -0.912087
3.62287; -0.911005
3.62621; -0.909918
3.62954; -0.908829
3.63288; -0.907736
3.63621; -0.906639
3.63955; -0.905538
3.64288; -0.904435
3.64622; -0.903328
3.64955; -0.902217
3.65288; -0.901103
3.65622; -0.899987
3.65955; -0.898867
3.66289; -0.897744
3.66622; -0.896619
3.66956; -0.89549
3.67289; -0.894359
3.67623; -0.893225
3.67956; -0.892089
3.68289; -0.89095
3.68623; -0.889808
3.68956; -0.888665
3.6929; -0.887518
3.69623; -0.88637
3.69957; -0.88522
3.7029; -0.884068
3.70624; -0.882914
3.70957; -0.881757
3.7129; -0.880599
3.71624; -0.879439
3.71957; -0.878278
3.72291; -0.877115
3.72624; -0.875951
3.72958; -0.874785
3.73291; -0.873619
3.73625; -0.87245
3.73958; -0.871281
3.74291; -0.870111
3.74625; -0.868939
3.74958; -0.867767
3.75292; -0.866594
3.75625; -0.865421
3.75959; -0.864247
3.76292; -0.863072
3.76626; -0.861897
3.76959; -0.860721
3.77292; -0.859546
3.77626; -0.858369
3.77959; -0.857194
3.78293; -0.856018
3.78626; -0.854842
3.7896; -0.853667
3.79293; -0.852491
3.79627; -0.851317
3.7996; -0.850142
3.80293; -0.848969
3.80627; -0.847795
3.8096; -0.846623
3.81294; -0.845452
3.81627; -0.844281
3.81961; -0.843112
3.82294; -0.841943
3.82628; -0.840776
3.82961; -0.839611
3.83294; -0.838447
3.83628; -0.837284
3.83961; -0.836124
3.84295; -0.834965
3.84628; -0.833807
3.84962; -0.832652
3.85295; -0.831499
3.85629; -0.830347
3.85962; -0.829199
3.86295; -0.828052
3.86629; -0.826908
3.86962; -0.825767
3.87296; -0.824628
3.87629; -0.823492
3.87963; -0.822359
3.88296; -0.821229
3.8863; -0.820102
3.88963; -0.818979
3.89296; -0.817858
3.8963; -0.816742
3.89963; -0.815628
3.90297; -0.814518
3.9063; -0.813412
3.90964; -0.81231
3.91297; -0.811212
3.91631; -0.810118
3.91964; -0.809028
3.92297; -0.807942
3.92631; -0.806861
3.92964; -0.805784
3.93298; -0.804712
3.93631; -0.803645
3.93965; -0.802583
3.94298; -0.801525
3.94632; -0.800474
3.94965; -0.799426
3.95298; -0.798385
3.95632; -0.797349
3.95965; -0.796318
3.96299; -0.795293
3.96632; -0.794274
3.96966; -0.793261
3.97299; -0.792254
3.97633; -0.791253
3.97966; -0.790258
3.98299; -0.78927
3.98633; -0.788288
3.98966; -0.787314
3.993; -0.786345
3.99633; -0.785384
3.99967; -0.78443
4.003; -0.783483
4.00634; -0.782543
4.00967; -0.78161
4.013; -0.780685
4.01634; -0.779769
4.01967; -0.778859
4.02301; -0.777957
4.02634; -0.777064
4.02968; -0.776179
4.03301; -0.775303
4.03635; -0.774434
4.03968; -0.773574
4.04301; -0.772723
4.04635; -0.771881
4.04968; -0.771047
4.05302; -0.770223
4.05635; -0.769407
4.05969; -0.768602
4.06302; -0.767806
4.06636; -0.767019
4.06969; -0.766243
4.07302; -0.765476
4.07636; -0.764719
4.07969; -0.763972
4.08303; -0.763236
4.08636; -0.76251
4.0897; -0.761795
4.09303; -0.76109
4.09636; -0.760396
4.0997; -0.759715
4.10303; -0.759043
4.10637; -0.758383
4.1097; -0.757734
4.11304; -0.757097
4.11637; -0.756471
4.11971; -0.755858
4.12304; -0.755256
4.12638; -0.754668
4.12971; -0.754091
4.13304; -0.753527
4.13638; -0.752975
4.13971; -0.752435
4.14305; -0.75191
4.14638; -0.751396
4.14972; -0.750896
4.15305; -0.75041
4.15639; -0.749936
4.15972; -0.749477
4.16305; -0.749032
4.16639; -0.7486
4.16972; -0.748183
4.17306; -0.74778
4.17639; -0.747391
4.17973; -0.747017
4.18306; -0.746658
4.1864; -0.746313
4.18973; -0.745984
4.19306; -0.745669
4.1964; -0.74537
4.19973; -0.745087
4.20307; -0.74482
4.2064; -0.744567
4.20974; -0.744332
4.21307; -0.744112
4.21641; -0.743909
4.21974; -0.743723
4.22307; -0.743552
4.22641; -0.743398
4.22974; -0.743263
4.23308; -0.743144
4.23641; -0.743042
4.23975; -0.742957
4.24308; -0.74289
4.24642; -0.742843
4.24975; -0.742811
4.25308; -0.742798
4.25642; -0.742804
4.25975; -0.742827
4.26309; -0.742871
4.26642; -0.742932
4.26976; -0.743013
4.27309; -0.743113
4.27643; -0.743232
4.27976; -0.74337
4.28309; -0.743529
4.28643; -0.743707
4.28976; -0.743905
4.2931; -0.744125
4.29643; -0.744363
4.29977; -0.744622
4.3031; -0.744903
4.30644; -0.745204
4.30977; -0.745526
4.3131; -0.74587
4.31644; -0.746235
4.31977; -0.746622
4.32311; -0.74703
4.32644; -0.747461
4.32978; -0.747914
4.33311; -0.74839
4.33645; -0.748887
4.33978; -0.749408
4.34311; -0.749952
4.34645; -0.750518
4.34978; -0.751109
4.35312; -0.751722
4.35645; -0.75236
4.35979; -0.753021
4.36312; -0.753706
4.36646; -0.754415
4.36979; -0.755149
4.37312; -0.755908
4.37646; -0.756691
4.37979; -0.7575
4.38313; -0.758334
4.38646; -0.759193
4.3898; -0.760078
4.39313; -0.760988
4.39647; -0.761925
4.3998; -0.762888
4.40313; -0.763878
4.40647; -0.764894
4.4098; -0.765936
4.41314; -0.767006
4.41647; -0.768103
4.41981; -0.769227
4.42314; -0.77038
4.42648; -0.77156
4.42981; -0.772767
4.43314; -0.774003
4.43648; -0.775268
4.43981; -0.776561
4.44315; -0.777883
4.44648; -0.779235
4.44982; -0.780615
4.45315; -0.782024
4.45649; -0.783464
4.45982; -0.784933
4.46315; -0.786433
4.46649; -0.787963
4.46982; -0.789523
4.47316; -0.791114
4.47649; -0.792736
4.47983; -0.79439
4.48316; -0.796074
4.4865; -0.79779
4.48983; -0.799538
4.49316; -0.801318
4.4965; -0.803131
4.49983; -0.804975
4.50317; -0.806853
4.5065; -0.808763
4.50984; -0.810707
4.51317; -0.812683
4.51651; -0.814693
4.51984; -0.816738
4.52317; -0.818816
4.52651; -0.820929
4.52984; -0.823075
4.53318; -0.825257
4.53651; -0.827474
4.53985; -0.829725
4.54318; -0.832012
4.54651; -0.834335
4.54985; -0.836694
4.55318; -0.839087
4.55652; -0.841518
4.55985; -0.843986
4.56319; -0.84649
4.56652; -0.849031
4.56986; -0.85161
4.57319; -0.854225
4.57653; -0.856879
4.57986; -0.85957
4.58319; -0.862299
4.58653; -0.865067
4.58986; -0.867875
4.5932; -0.870718
4.59653; -0.873604
4.59987; -0.876528
4.6032; -0.879491
4.60654; -0.882495
4.60987; -0.885538
4.6132; -0.888621
4.61654; -0.891746
4.61987; -0.894911
4.62321; -0.898117
4.62654; -0.901365
4.62988; -0.904653
4.63321; -0.907985
4.63655; -0.911358
4.63988; -0.914773
4.64321; -0.918231
4.64655; -0.921733
4.64988; -0.925275
4.65322; -0.928862
4.65655; -0.932493
4.65989; -0.936167
4.66322; -0.939886
4.66656; -0.943649
4.66989; -0.947455
4.67322; -0.951308
4.67656; -0.955205
4.67989; -0.959148
4.68323; -0.963136
4.68656; -0.96717
4.6899; -0.971249
4.69323; -0.975376
4.69657; -0.97955
4.6999; -0.983769
4.70323; -0.988038
4.70657; -0.992353
4.7099; -0.996715
4.71324; -1.00113
4.71657; -1.00558
4.71991; -1.01009
4.72324; -1.01465
4.72658; -1.01926
4.72991; -1.02391
4.73324; -1.02861
4.73658; -1.03337
4.73991; -1.03817
4.74325; -1.04303
4.74658; -1.04793
4.74992; -1.05289
4.75325; -1.05789
4.75659; -1.06295
4.75992; -1.06806
4.76325; -1.07323
4.76659; -1.07844
4.76992; -1.08371
4.77326; -1.08903
4.77659; -1.09441
4.77993; -1.09984
4.78326; -1.10532
4.7866; -1.11085
4.78993; -1.11644
4.79326; -1.12209
4.7966; -1.12779
4.79993; -1.13354
4.80327; -1.13935
4.8066; -1.14522
4.80994; -1.15114
4.81327; -1.15712
4.81661; -1.16315
4.81994; -1.16924
4.82327; -1.17539
4.82661; -1.1816
4.82994; -1.18787
4.83328; -1.19419
4.83661; -1.20057
4.83995; -1.20701
4.84328; -1.21351
4.84662; -1.22007
4.84995; -1.22669
4.85328; -1.23336
4.85662; -1.2401
4.85995; -1.2469
4.86329; -1.25376
4.86662; -1.26068
4.86996; -1.26766
4.87329; -1.27471
4.87663; -1.28181
4.87996; -1.28898
4.88329; -1.29621
4.88663; -1.30351
4.88996; -1.31086
4.8933; -1.31829
4.89663; -1.32577
4.89997; -1.33332
4.9033; -1.34093
4.90664; -1.34861
4.90997; -1.35636
4.9133; -1.36416
4.91664; -1.37204
4.91997; -1.37998
4.92331; -1.38799
4.92664; -1.39606
4.92998; -1.40421
4.93331; -1.41242
4.93665; -1.42069
4.93998; -1.42904
4.94331; -1.43745
4.94665; -1.44593
4.94998; -1.45448
4.95332; -1.4631
4.95665; -1.47179
4.95999; -1.48055
4.96332; -1.48938
4.96666; -1.49829
4.96999; -1.50726
4.97332; -1.5163
4.97666; -1.52542
4.97999; -1.5346
4.98333; -1.54386
4.98666; -1.5532
4.99; -1.5626
4.99333; -1.57208
4.99667; -1.58163
5; -1.59126
