-5; 3.38052
-4.99667; 3.42243
-4.99333; 3.46531
-4.99; 3.5092
-4.98666; 3.55411
-4.98333; 3.60011
-4.97999; 3.64723
-4.97666; 3.69551
-4.97332; 3.74499
-4.96999; 3.79573
-4.96666; 3.84776
-4.96332; 3.90114
-4.95999; 3.95594
-4.95665; 4.0122
-4.95332; 4.06999
-4.94998; 4.12936
-4.94665; 4.19039
-4.94331; 4.25315
-4.93998; 4.31772
-4.93665; 4.38418
-4.93331; 4.45261
-4.92998; 4.5231
-4.92664; 4.59574
-4.92331; 4.67065
-4.91997; 4.74793
-4.91664; 4.82769
-4.9133; 4.91007
-4.90997; 4.99519
-4.90664; 5.08318
-4.9033; 5.17422
-4.89997; 5.26845
-4.89663; 5.36606
-4.8933; 5.46722
-4.88996; 5.57214
-4.88663; 5.68101
-4.88329; 5.79411
-4.87996; 5.91166
-4.87663; 6.03394
-4.87329; 6.16124
-4.86996; 6.29388
-4.86662; 6.43219
-4.86329; 6.57658
-4.85995; 6.72745
-4.85662; 6.88524
-4.85328; 7.05044
-4.84995; 7.22361
-4.84662; 7.40531
-4.84328; 7.5962
-4.83995; 7.79703
-4.83661; 8.00858
-4.83328; 8.23174
-4.82994; 8.4675
-4.82661; 8.71696
-4.82327; 8.98132
-4.81994; 9.26204
-4.81661; 9.56065
-4.81327; 9.87893
-4.80994; 10.2189
-4.8066; 10.5828
-4.80327; 10.9734
-4.79993; 11.3936
-4.7966; 11.847
-4.79326; 12.3377
-4.78993; 12.8706
-4.7866; 13.4512
-4.78326; 14.0863
-4.77993; 14.784
-4.77659; 15.5542
-4.77326; 16.4085
-4.76992; 17.3618
-4.76659; 18.4323
-4.76325; 19.6427
-4.75992; 21.0231
-4.75659; 22.6115
-4.75325; 24.459
-4.74992; 26.6347
-4.74658; 29.2344
-4.74325; 32.3953
-4.73991; 36.3223
-4.73658; 41.3316
-4.73324; 47.9425
-4.72991; 57.0692
-4.72658; 70.486
-4.72324; 92.1475
-4.71991; 133.017
-4.71657; 239.052
-4.71324; 1178.34
-4.7099; -402.273
-4.70657; -171.808
-4.70323; -109.228
-4.6999; -80.0665
-4.69657; -63.1919
-4.69323; -52.1911
-4.6899; -44.4517
-4.68656; -38.7105
-4.68323; -34.282
-4.67989; -30.7625
-4.67656; -27.8975
-4.67322; -25.5202
-4.66989; -23.5157
-4.66656; -21.8027
-4.66322; -20.3219
-4.65989; -19.0293
-4.65655; -17.8907
-4.65322; -16.8804
-4.64988; -15.9777
-4.64655; -15.1663
-4.64321; -14.433
-4.63988; -13.7672
-4.63655; -13.1598
-4.63321; -12.6034
-4.62988; -12.0919
-4.62654; -11.62
-4.62321; -11.1833
-4.61987; -10.7781
-4.61654; -10.401
-4.6132; -10.0491
-4.60987; -9.72008
-4.60654; -9.41169
-4.6032; -9.12207
-4.59987; -8.84959
-4.59653; -8.59269
-4.5932; -8.35011
-4.58986; -8.12066
-4.58653; -7.90332
-4.58319; -7.69713
-4.57986; -7.50127
-4.57653; -7.31499
-4.57319; -7.13755
-4.56986; -6.96837
-4.56652; -6.80687
-4.56319; -6.65254
-4.55985; -6.5049
-4.55652; -6.36356
-4.55318; -6.22807
-4.54985; -6.09809
-4.54652; -5.97329
-4.54318; -5.85337
-4.53985; -5.73804
-4.53651; -5.62705
-4.53318; -5.52014
-4.52984; -5.41709
-4.52651; -5.3177
-4.52317; -5.22178
-4.51984; -5.12913
-4.51651; -5.03962
-4.51317; -4.95305
-4.50984; -4.86929
-4.5065; -4.78821
-4.50317; -4.70968
-4.49983; -4.63358
-4.4965; -4.5598
-4.49316; -4.48822
-4.48983; -4.41876
-4.4865; -4.35131
-4.48316; -4.28579
-4.47983; -4.22211
-4.47649; -4.16022
-4.47316; -4.10001
-4.46982; -4.04142
-4.46649; -3.98439
-4.46315; -3.92886
-4.45982; -3.87476
-4.45649; -3.82205
-4.45315; -3.77066
-4.44982; -3.72054
-4.44648; -3.67166
-4.44315; -3.62395
-4.43981; -3.57739
-4.43648; -3.53192
-4.43314; -3.48752
-4.42981; -3.44413
-4.42648; -3.40173
-4.42314; -3.36028
-4.41981; -3.31975
-4.41647; -3.2801
-4.41314; -3.24132
-4.4098; -3.20337
-4.40647; -3.16621
-4.40313; -3.12983
-4.3998; -3.0942
-4.39647; -3.0593
-4.39313; -3.02512
-4.3898; -2.9916
-4.38646; -2.95875
-4.38313; -2.92654
-4.37979; -2.89496
-4.37646; -2.86398
-4.37312; -2.83359
-4.36979; -2.80376
-4.36646; -2.77449
-4.36312; -2.74575
-4.35979; -2.71753
-4.35645; -2.68982
-4.35312; -2.66261
-4.34978; -2.63587
-4.34645; -2.6096
-4.34311; -2.58379
-4.33978; -2.55841
-4.33645; -2.53346
-4.33311; -2.50893
-4.32978; -2.48481
-4.32644; -2.46109
-4.32311; -2.43775
-4.31977; -2.41478
-4.31644; -2.39218
-4.3131; -2.36995
-4.30977; -2.34806
-4.30644; -2.32651
-4.3031; -2.30529
-4.29977; -2.28439
-4.29643; -2.26382
-4.2931; -2.24354
-4.28976; -2.22358
-4.28643; -2.2039
-4.28309; -2.18451
-4.27976; -2.16541
-4.27643; -2.14657
-4.27309; -2.12801
-4.26976; -2.1097
-4.26642; -2.09165
-4.26309; -2.07386
-4.25975; -2.0563
-4.25642; -2.03899
-4.25308; -2.0219
-4.24975; -2.00505
-4.24642; -1.98842
-4.24308; -1.97201
-4.23975; -1.95582
-4.23641; -1.93983
-4.23308; -1.92405
-4.22974; -1.90848
-4.22641; -1.89309
-4.22307; -1.87791
-4.21974; -1.86291
-4.21641; -1.84809
-4.21307; -1.83346
-4.20974; -1.819
-4.2064; -1.80472
-4.20307; -1.79061
-4.19973; -1.77667
-4.1964; -1.76289
-4.19306; -1.74927
-4.18973; -1.73582
-4.1864; -1.72251
-4.18306; -1.70936
-4.17973; -1.69636
-4.17639; -1.6835
-4.17306; -1.67078
-4.16972; -1.65821
-4.16639; -1.64578
-4.16305; -1.63348
-4.15972; -1.62131
-4.15639; -1.60928
-4.15305; -1.59737
-4.14972; -1.58559
-4.14638; -1.57394
-4.14305; -1.5624
-4.13971; -1.55099
-4.13638; -1.53969
-4.13304; -1.52851
-4.12971; -1.51744
-4.12638; -1.50648
-4.12304; -1.49564
-4.11971; -1.4849
-4.11637; -1.47426
-4.11304; -1.46373
-4.1097; -1.4533
-4.10637; -1.44298
-4.10303; -1.43275
-4.0997; -1.42262
-4.09637; -1.41258
-4.09303; -1.40264
-4.0897; -1.39279
-4.08636; -1.38304
-4.08303; -1.37337
-4.07969; -1.36379
-4.07636; -1.35429
-4.07302; -1.34489
-4.06969; -1.33556
-4.06636; -1.32632
-4.06302; -1.31716
-4.05969; -1.30808
-4.05635; -1.29908
-4.05302; -1.29016
-4.04968; -1.28131
-4.04635; -1.27254
-4.04301; -1.26384
-4.03968; -1.25522
-4.03635; -1.24667
-4.03301; -1.23819
-4.02968; -1.22977
-4.02634; -1.22143
-4.02301; -1.21316
-4.01967; -1.20495
-4.01634; -1.1968
-4.013; -1.18873
-4.00967; -1.18071
-4.00634; -1.17276
-4.003; -1.16487
-3.99967; -1.15704
-3.99633; -1.14927
-3.993; -1.14156
-3.98966; -1.13391
-3.98633; -1.12632
-3.98299; -1.11878
-3.97966; -1.1113
-3.97633; -1.10388
-3.97299; -1.09651
-3.96966; -1.08919
-3.96632; -1.08193
-3.96299; -1.07472
-3.95965; -1.06755
-3.95632; -1.06045
-3.95298; -1.05339
-3.94965; -1.04638
-3.94632; -1.03942
-3.94298; -1.0325
-3.93965; -1.02564
-3.93631; -1.01882
-3.93298; -1.01205
-3.92964; -1.00532
-3.92631; -0.998637
-3.92297; -0.991999
-3.91964; -0.985405
-3.91631; -0.978854
-3.91297; -0.972346
-3.90964; -0.96588
-3.9063; -0.959456
-3.90297; -0.953072
-3.89963; -0.946729
-3.8963; -0.940426
-3.89296; -0.934162
-3.88963; -0.927937
-3.8863; -0.921751
-3.88296; -0.915602
-3.87963; -0.90949
-3.87629; -0.903417
-3.87296; -0.897379
-3.86962; -0.891377
-3.86629; -0.885411
-3.86295; -0.87948
-3.85962; -0.873583
-3.85629; -0.867722
-3.85295; -0.861893
-3.84962; -0.856098
-3.84628; -0.850337
-3.84295; -0.844607
-3.83961; -0.83891
-3.83628; -0.833245
-3.83294; -0.827611
-3.82961; -0.822008
-3.82628; -0.816436
-3.82294; -0.810894
-3.81961; -0.805382
-3.81627; -0.799899
-3.81294; -0.794446
-3.8096; -0.789021
-3.80627; -0.783625
-3.80293; -0.778257
-3.7996; -0.772917
-3.79627; -0.767604
-3.79293; -0.762318
-3.7896; -0.757059
-3.78626; -0.751827
-3.78293; -0.746621
-3.77959; -0.74144
-3.77626; -0.736286
-3.77292; -0.731156
-3.76959; -0.726052
-3.76626; -0.720972
-3.76292; -0.715916
-3.75959; -0.710885
-3.75625; -0.705877
-3.75292; -0.700893
-3.74958; -0.695932
-3.74625; -0.690994
-3.74291; -0.686079
-3.73958; -0.681186
-3.73625; -0.676315
-3.73291; -0.671467
-3.72958; -0.66664
-3.72624; -0.661834
-3.72291; -0.65705
-3.71957; -0.652286
-3.71624; -0.647543
-3.7129; -0.642821
-3.70957; -0.638118
-3.70624; -0.633436
-3.7029; -0.628774
-3.69957; -0.624131
-3.69623; -0.619507
-3.6929; -0.614902
-3.68956; -0.610316
-3.68623; -0.605749
-3.68289; -0.6012
-3.67956; -0.59667
-3.67623; -0.592157
-3.67289; -0.587662
-3.66956; -0.583185
-3.66622; -0.578725
-3.66289; -0.574282
-3.65955; -0.569857
-3.65622; -0.565448
-3.65288; -0.561056
-3.64955; -0.55668
-3.64622; -0.55232
-3.64288; -0.547976
-3.63955; -0.543649
-3.63621; -0.539336
-3.63288; -0.53504
-3.62954; -0.530759
-3.62621; -0.526492
-3.62287; -0.522241
-3.61954; -0.518005
-3.61621; -0.513782
-3.61287; -0.509575
-3.60954; -0.505382
-3.6062; -0.501203
-3.60287; -0.497038
-3.59953; -0.492886
-3.5962; -0.488749
-3.59286; -0.484624
-3.58953; -0.480513
-3.5862; -0.476416
-3.58286; -0.472331
-3.57953; -0.468259
-3.57619; -0.4642
-3.57286; -0.460153
-3.56952; -0.456119
-3.56619; -0.452097
-3.56285; -0.448087
-3.55952; -0.444088
-3.55619; -0.440102
-3.55285; -0.436128
-3.54952; -0.432165
-3.54618; -0.428214
-3.54285; -0.424273
-3.53951; -0.420344
-3.53618; -0.416426
-3.53284; -0.412519
-3.52951; -0.408622
-3.52618; -0.404736
-3.52284; -0.400861
-3.51951; -0.396996
-3.51617; -0.393141
-3.51284; -0.389296
-3.5095; -0.385461
-3.50617; -0.381636
-3.50283; -0.377821
-3.4995; -0.374015
-3.49617; -0.370219
-3.49283; -0.366432
-3.4895; -0.362655
-3.48616; -0.358886
-3.48283; -0.355127
-3.47949; -0.351376
-3.47616; -0.347635
-3.47282; -0.343902
-3.46949; -0.340177
-3.46616; -0.336461
-3.46282; -0.332753
-3.45949; -0.329053
-3.45615; -0.325362
-3.45282; -0.321679
-3.44948; -0.318003
-3.44615; -0.314335
-3.44281; -0.310675
-3.43948; -0.307023
-3.43615; -0.303378
-3.43281; -0.29974
-3.42948; -0.29611
-3.42614; -0.292486
-3.42281; -0.28887
-3.41947; -0.285261
-3.41614; -0.281658
-3.4128; -0.278063
-3.40947; -0.274474
-3.40614; -0.270892
-3.4028; -0.267316
-3.39947; -0.263746
-3.39613; -0.260183
-3.3928; -0.256626
-3.38946; -0.253075
-3.38613; -0.24953
-3.38279; -0.245991
-3.37946; -0.242457
-3.37613; -0.23893
-3.37279; -0.235408
-3.36946; -0.231891
-3.36612; -0.22838
-3.36279; -0.224874
-3.35945; -0.221374
-3.35612; -0.217879
-3.35278; -0.214389
-3.34945; -0.210903
-3.34612; -0.207423
-3.34278; -0.203947
-3.33945; -0.200477
-3.33611; -0.19701
-3.33278; -0.193549
-3.32944; -0.190092
-3.32611; -0.186639
-3.32277; -0.183191
-3.31944; -0.179746
-3.31611; -0.176306
-3.31277; -0.17287
-3.30944; -0.169438
-3.3061; -0.16601
-3.30277; -0.162585
-3.29943; -0.159164
-3.2961; -0.155747
-3.29276; -0.152334
-3.28943; -0.148924
-3.2861; -0.145517
-3.28276; -0.142113
-3.27943; -0.138713
-3.27609; -0.135316
-3.27276; -0.131922
-3.26942; -0.128531
-3.26609; -0.125143
-3.26275; -0.121758
-3.25942; -0.118375
-3.25609; -0.114996
-3.25275; -0.111618
-3.24942; -0.108244
-3.24608; -0.104871
-3.24275; -0.101501
-3.23941; -0.0981337
-3.23608; -0.0947682
-3.23274; -0.0914048
-3.22941; -0.0880436
-3.22608; -0.0846842
-3.22274; -0.0813267
-3.21941; -0.0779713
-3.21607; -0.0746174
-3.21274; -0.0712651
-3.2094; -0.0679147
-3.20607; -0.0645655
-3.20273; -0.0612178
-3.1994; -0.0578717
-3.19607; -0.0545266
-3.19273; -0.0511828
-3.1894; -0.0478403
-3.18606; -0.0444987
-3.18273; -0.0411581
-3.17939; -0.0378186
-3.17606; -0.0344797
-3.17272; -0.0311416
-3.16939; -0.0278044
-3.16606; -0.0244676
-3.16272; -0.0211313
-3.15939; -0.0177958
-3.15605; -0.0144604
-3.15272; -0.0111253
-3.14938; -0.00779048
-3.14605; -0.00445607
-3.14271; -0.00112152
-3.13938; 0.002213
-3.13605; 0.00554734
-3.13271; 0.00888204
-3.12938; 0.0122169
-3.12604; 0.0155519
-3.12271; 0.0188874
-3.11937; 0.0222233
-3.11604; 0.0255595
-3.1127; 0.0288965
-3.10937; 0.0322341
-3.10604; 0.0355723
-3.1027; 0.0389114
-3.09937; 0.0422514
-3.09603; 0.0455922
-3.0927; 0.0489341
-3.08936; 0.0522772
-3.08603; 0.0556212
-3.08269; 0.0589667
-3.07936; 0.0623134
-3.07603; 0.0656614
-3.07269; 0.069011
-3.06936; 0.0723622
-3.06602; 0.0757148
-3.06269; 0.0790693
-3.05935; 0.0824255
-3.05602; 0.0857834
-3.05268; 0.0891434
-3.04935; 0.0925055
-3.04602; 0.0958693
-3.04268; 0.0992356
-3.03935; 0.102604
-3.03601; 0.105975
-3.03268; 0.109348
-3.02934; 0.112723
-3.02601; 0.116101
-3.02267; 0.119482
-3.01934; 0.122866
-3.01601; 0.126252
-3.01267; 0.129641
-3.00934; 0.133033
-3.006; 0.136428
-3.00267; 0.139826
-2.99933; 0.143227
-2.996; 0.146632
-2.99266; 0.150039
-2.98933; 0.153451
-2.986; 0.156865
-2.98266; 0.160284
-2.97933; 0.163706
-2.97599; 0.167131
-2.97266; 0.170561
-2.96932; 0.173994
-2.96599; 0.177432
-2.96265; 0.180873
-2.95932; 0.184319
-2.95599; 0.187769
-2.95265; 0.191223
-2.94932; 0.194681
-2.94598; 0.198144
-2.94265; 0.201612
-2.93931; 0.205084
-2.93598; 0.208562
-2.93264; 0.212043
-2.92931; 0.21553
-2.92598; 0.219022
-2.92264; 0.222519
-2.91931; 0.226021
-2.91597; 0.229529
-2.91264; 0.233041
-2.9093; 0.23656
-2.90597; 0.240084
-2.90263; 0.243613
-2.8993; 0.247148
-2.89597; 0.250689
-2.89263; 0.254236
-2.8893; 0.257789
-2.88596; 0.261348
-2.88263; 0.264914
-2.87929; 0.268485
-2.87596; 0.272063
-2.87262; 0.275648
-2.86929; 0.279239
-2.86596; 0.282837
-2.86262; 0.286442
-2.85929; 0.290053
-2.85595; 0.293671
-2.85262; 0.297297
-2.84928; 0.30093
-2.84595; 0.30457
-2.84261; 0.308217
-2.83928; 0.311872
-2.83595; 0.315535
-2.83261; 0.319205
-2.82928; 0.322883
-2.82594; 0.326569
-2.82261; 0.330264
-2.81927; 0.333966
-2.81594; 0.337676
-2.8126; 0.341395
-2.80927; 0.345122
-2.80594; 0.348858
-2.8026; 0.352603
-2.79927; 0.356356
-2.79593; 0.360119
-2.7926; 0.36389
-2.78926; 0.367671
-2.78593; 0.371461
-2.78259; 0.37526
-2.77926; 0.379069
-2.77593; 0.382887
-2.77259; 0.386715
-2.76926; 0.390553
-2.76592; 0.394401
-2.76259; 0.39826
-2.75925; 0.402128
-2.75592; 0.406007
-2.75258; 0.409896
-2.74925; 0.413796
-2.74592; 0.417707
-2.74258; 0.421629
-2.73925; 0.425562
-2.73591; 0.429506
-2.73258; 0.433461
-2.72924; 0.437428
-2.72591; 0.441406
-2.72257; 0.445396
-2.71924; 0.449398
-2.71591; 0.453412
-2.71257; 0.457438
-2.70924; 0.461476
-2.7059; 0.465527
-2.70257; 0.46959
-2.69923; 0.473666
-2.6959; 0.477755
-2.69256; 0.481857
-2.68923; 0.485973
-2.6859; 0.490101
-2.68256; 0.494244
-2.67923; 0.498399
-2.67589; 0.502569
-2.67256; 0.506753
-2.66922; 0.510951
-2.66589; 0.515163
-2.66255; 0.519389
-2.65922; 0.523631
-2.65589; 0.527887
-2.65255; 0.532158
-2.64922; 0.536444
-2.64588; 0.540746
-2.64255; 0.545063
-2.63921; 0.549396
-2.63588; 0.553745
-2.63254; 0.55811
-2.62921; 0.562491
-2.62588; 0.566889
-2.62254; 0.571303
-2.61921; 0.575735
-2.61587; 0.580183
-2.61254; 0.584648
-2.6092; 0.589132
-2.60587; 0.593632
-2.60253; 0.59815
-2.5992; 0.602687
-2.59587; 0.607242
-2.59253; 0.611815
-2.5892; 0.616407
-2.58586; 0.621018
-2.58253; 0.625648
-2.57919; 0.630297
-2.57586; 0.634966
-2.57252; 0.639655
-2.56919; 0.644364
-2.56586; 0.649093
-2.56252; 0.653843
-2.55919; 0.658613
-2.55585; 0.663404
-2.55252; 0.668217
-2.54918; 0.673051
-2.54585; 0.677907
-2.54251; 0.682785
-2.53918; 0.687685
-2.53585; 0.692608
-2.53251; 0.697553
-2.52918; 0.702522
-2.52584; 0.707514
-2.52251; 0.712529
-2.51917; 0.717568
-2.51584; 0.722632
-2.5125; 0.727719
-2.50917; 0.732832
-2.50584; 0.73797
-2.5025; 0.743133
-2.49917; 0.748322
-2.49583; 0.753537
-2.4925; 0.758777
-2.48916; 0.764045
-2.48583; 0.76934
-2.48249; 0.774661
-2.47916; 0.780011
-2.47583; 0.785388
-2.47249; 0.790793
-2.46916; 0.796227
-2.46582; 0.80169
-2.46249; 0.807183
-2.45915; 0.812704
-2.45582; 0.818256
-2.45248; 0.823839
-2.44915; 0.829451
-2.44582; 0.835096
-2.44248; 0.840771
-2.43915; 0.846479
-2.43581; 0.852219
-2.43248; 0.857992
-2.42914; 0.863797
-2.42581; 0.869636
-2.42247; 0.87551
-2.41914; 0.881417
-2.41581; 0.88736
-2.41247; 0.893338
-2.40914; 0.899351
-2.4058; 0.9054
-2.40247; 0.911487
-2.39913; 0.91761
-2.3958; 0.923771
-2.39246; 0.92997
-2.38913; 0.936207
-2.3858; 0.942484
-2.38246; 0.948801
-2.37913; 0.955157
-2.37579; 0.961554
-2.37246; 0.967992
-2.36912; 0.974471
-2.36579; 0.980994
-2.36245; 0.987559
-2.35912; 0.994166
-2.35579; 1.00082
-2.35245; 1.00752
-2.34912; 1.01426
-2.34578; 1.02104
-2.34245; 1.02788
-2.33911; 1.03476
-2.33578; 1.04169
-2.33244; 1.04867
-2.32911; 1.05569
-2.32578; 1.06277
-2.32244; 1.06989
-2.31911; 1.07707
-2.31577; 1.0843
-2.31244; 1.09158
-2.3091; 1.09891
-2.30577; 1.1063
-2.30243; 1.11375
-2.2991; 1.12124
-2.29577; 1.1288
-2.29243; 1.13641
-2.2891; 1.14408
-2.28576; 1.15181
-2.28243; 1.1596
-2.27909; 1.16745
-2.27576; 1.17535
-2.27242; 1.18333
-2.26909; 1.19136
-2.26576; 1.19946
-2.26242; 1.20763
-2.25909; 1.21586
-2.25575; 1.22415
-2.25242; 1.23252
-2.24908; 1.24095
-2.24575; 1.24946
-2.24241; 1.25803
-2.23908; 1.26668
-2.23575; 1.2754
-2.23241; 1.2842
-2.22908; 1.29307
-2.22574; 1.30202
-2.22241; 1.31105
-2.21907; 1.32015
-2.21574; 1.32934
-2.2124; 1.33861
-2.20907; 1.34796
-2.20574; 1.35739
-2.2024; 1.36691
-2.19907; 1.37652
-2.19573; 1.38622
-2.1924; 1.39601
-2.18906; 1.40589
-2.18573; 1.41586
-2.18239; 1.42592
-2.17906; 1.43609
-2.17573; 1.44635
-2.17239; 1.45671
-2.16906; 1.46717
-2.16572; 1.47773
-2.16239; 1.4884
-2.15905; 1.49917
-2.15572; 1.51006
-2.15238; 1.52105
-2.14905; 1.53216
-2.14572; 1.54338
-2.14238; 1.55471
-2.13905; 1.56616
-2.13571; 1.57774
-2.13238; 1.58943
-2.12904; 1.60126
-2.12571; 1.6132
-2.12237; 1.62528
-2.11904; 1.63749
-2.11571; 1.64983
-2.11237; 1.66231
-2.10904; 1.67493
-2.1057; 1.68769
-2.10237; 1.70059
-2.09903; 1.71365
-2.0957; 1.72685
-2.09236; 1.7402
-2.08903; 1.75371
-2.0857; 1.76738
-2.08236; 1.78121
-2.07903; 1.79521
-2.07569; 1.80938
-2.07236; 1.82371
-2.06902; 1.83823
-2.06569; 1.85292
-2.06235; 1.86779
-2.05902; 1.88286
-2.05569; 1.89811
-2.05235; 1.91355
-2.04902; 1.9292
-2.04568; 1.94504
-2.04235; 1.9611
-2.03901; 1.97736
-2.03568; 1.99384
-2.03234; 2.01054
-2.02901; 2.02747
-2.02568; 2.04463
-2.02234; 2.06202
-2.01901; 2.07965
-2.01567; 2.09753
-2.01234; 2.11567
-2.009; 2.13405
-2.00567; 2.15271
-2.00233; 2.17163
-1.999; 2.19083
-1.99567; 2.21031
-1.99233; 2.23008
-1.989; 2.25015
-1.98566; 2.27052
-1.98233; 2.2912
-1.97899; 2.3122
-1.97566; 2.33352
-1.97232; 2.35518
-1.96899; 2.37719
-1.96566; 2.39954
-1.96232; 2.42226
-1.95899; 2.44534
-1.95565; 2.46881
-1.95232; 2.49266
-1.94898; 2.51692
-1.94565; 2.54158
-1.94231; 2.56667
-1.93898; 2.59219
-1.93565; 2.61815
-1.93231; 2.64457
-1.92898; 2.67146
-1.92564; 2.69884
-1.92231; 2.72671
-1.91897; 2.7551
-1.91564; 2.78401
-1.9123; 2.81346
-1.90897; 2.84347
-1.90564; 2.87405
-1.9023; 2.90523
-1.89897; 2.93702
-1.89563; 2.96943
-1.8923; 3.0025
-1.88896; 3.03623
-1.88563; 3.07065
-1.88229; 3.10578
-1.87896; 3.14165
-1.87563; 3.17828
-1.87229; 3.2157
-1.86896; 3.25392
-1.86562; 3.29299
-1.86229; 3.33292
-1.85895; 3.37375
-1.85562; 3.4155
-1.85228; 3.45822
-1.84895; 3.50194
-1.84562; 3.54669
-1.84228; 3.59251
-1.83895; 3.63944
-1.83561; 3.68753
-1.83228; 3.73681
-1.82894; 3.78733
-1.82561; 3.83915
-1.82227; 3.89231
-1.81894; 3.94687
-1.81561; 4.00289
-1.81227; 4.06042
-1.80894; 4.11953
-1.8056; 4.18028
-1.80227; 4.24276
-1.79893; 4.30703
-1.7956; 4.37317
-1.79226; 4.44126
-1.78893; 4.51141
-1.7856; 4.5837
-1.78226; 4.65823
-1.77893; 4.73511
-1.77559; 4.81446
-1.77226; 4.8964
-1.76892; 4.98106
-1.76559; 5.06858
-1.76225; 5.1591
-1.75892; 5.25281
-1.75559; 5.34984
-1.75225; 5.45041
-1.74892; 5.55469
-1.74558; 5.66291
-1.74225; 5.7753
-1.73891; 5.8921
-1.73558; 6.01359
-1.73224; 6.14004
-1.72891; 6.27178
-1.72558; 6.40915
-1.72224; 6.55252
-1.71891; 6.70229
-1.71557; 6.85891
-1.71224; 7.02287
-1.7089; 7.19468
-1.70557; 7.37494
-1.70223; 7.5643
-1.6989; 7.76345
-1.69557; 7.97318
-1.69223; 8.19438
-1.6889; 8.42799
-1.68556; 8.67513
-1.68223; 8.93698
-1.67889; 9.21491
-1.67556; 9.51048
-1.67222; 9.8254
-1.66889; 10.1616
-1.66556; 10.5215
-1.66222; 10.9075
-1.65889; 11.3226
-1.65555; 11.7704
-1.65222; 12.2547
-1.64888; 12.7802
-1.64555; 13.3526
-1.64221; 13.9783
-1.63888; 14.6652
-1.63555; 15.4227
-1.63221; 16.2623
-1.62888; 17.1982
-1.62554; 18.2481
-1.62221; 19.4339
-1.61887; 20.7841
-1.61554; 22.3353
-1.6122; 24.1362
-1.60887; 26.2524
-1.60554; 28.7746
-1.6022; 31.8321
-1.59887; 35.6159
-1.59553; 40.4194
-1.5922; 46.7193
-1.58886; 55.3446
-1.58553; 67.8734
-1.58219; 87.7321
-1.57886; 124.016
-1.57553; 211.464
-1.57219; 717.097
-1.56886; -515.46
-1.56552; -189.593
-1.56219; -116.157
-1.55885; -83.7247
-1.55552; -65.4496
-1.55218; -53.7222
-1.54885; -45.5577
-1.54552; -39.5469
-1.54218; -34.9364
-1.53885; -31.2883
-1.53551; -28.3294
-1.53218; -25.8812
-1.52884; -23.822
-1.52551; -22.0659
-1.52217; -20.5505
-1.51884; -19.2295
-1.51551; -18.0677
-1.51217; -17.0379
-1.50884; -16.1188
-1.5055; -15.2935
-1.50217; -14.5482
-1.49883; -13.872
-1.4955; -13.2555
-1.49216; -12.6912
-1.48883; -12.1728
-1.4855; -11.6947
-1.48216; -11.2526
-1.47883; -10.8424
-1.47549; -10.4609
-1.47216; -10.1051
-1.46882; -9.77247
-1.46549; -9.46084
-1.46215; -9.16828
-1.45882; -8.89308
-1.45549; -8.63372
-1.45215; -8.38888
-1.44882; -8.15737
-1.44548; -7.93811
-1.44215; -7.73017
-1.43881; -7.53267
-1.43548; -7.34485
-1.43214; -7.16601
-1.42881; -6.99552
-1.42548; -6.8328
-1.42214; -6.67734
-1.41881; -6.52864
-1.41547; -6.38628
-1.41214; -6.24986
-1.4088; -6.119
-1.40547; -5.99338
-1.40213; -5.87268
-1.3988; -5.75662
-1.39547; -5.64493
-1.39213; -5.53737
-1.3888; -5.4337
-1.38546; -5.33373
-1.38213; -5.23725
-1.37879; -5.14408
-1.37546; -5.05406
-1.37212; -4.96702
-1.36879; -4.88281
-1.36546; -4.80131
-1.36212; -4.72237
-1.35879; -4.64588
-1.35545; -4.57172
-1.35212; -4.49979
-1.34878; -4.42998
-1.34545; -4.36221
-1.34211; -4.29638
-1.33878; -4.23242
-1.33545; -4.17023
-1.33211; -4.10975
-1.32878; -4.0509
-1.32544; -3.99362
-1.32211; -3.93785
-1.31877; -3.88352
-1.31544; -3.83058
-1.3121; -3.77898
-1.30877; -3.72866
-1.30544; -3.67958
-1.3021; -3.63168
-1.29877; -3.58494
-1.29543; -3.5393
-1.2921; -3.49472
-1.28876; -3.45117
-1.28543; -3.40861
-1.28209; -3.367
-1.27876; -3.32632
-1.27543; -3.28654
-1.27209; -3.24761
-1.26876; -3.20952
-1.26542; -3.17224
-1.26209; -3.13573
-1.25875; -3.09999
-1.25542; -3.06497
-1.25208; -3.03066
-1.24875; -2.99704
-1.24542; -2.96408
-1.24208; -2.93177
-1.23875; -2.90009
-1.23541; -2.86901
-1.23208; -2.83852
-1.22874; -2.8086
-1.22541; -2.77924
-1.22207; -2.75042
-1.21874; -2.72212
-1.21541; -2.69433
-1.21207; -2.66703
-1.20874; -2.64022
-1.2054; -2.61387
-1.20207; -2.58798
-1.19873; -2.56253
-1.1954; -2.53752
-1.19206; -2.51292
-1.18873; -2.48873
-1.1854; -2.46494
-1.18206; -2.44154
-1.17873; -2.41852
-1.17539; -2.39586
-1.17206; -2.37356
-1.16872; -2.35162
-1.16539; -2.33001
-1.16205; -2.30874
-1.15872; -2.28779
-1.15539; -2.26716
-1.15205; -2.24684
-1.14872; -2.22683
-1.14538; -2.2071
-1.14205; -2.18767
-1.13871; -2.16852
-1.13538; -2.14964
-1.13204; -2.13103
-1.12871; -2.11268
-1.12538; -2.09459
-1.12204; -2.07675
-1.11871; -2.05916
-1.11537; -2.0418
-1.11204; -2.02468
-1.1087; -2.0078
-1.10537; -1.99113
-1.10203; -1.97469
-1.0987; -1.95846
-1.09537; -1.94244
-1.09203; -1.92662
-1.0887; -1.91101
-1.08536; -1.8956
-1.08203; -1.88038
-1.07869; -1.86535
-1.07536; -1.8505
-1.07202; -1.83584
-1.06869; -1.82136
-1.06536; -1.80705
-1.06202; -1.79291
-1.05869; -1.77894
-1.05535; -1.76514
-1.05202; -1.75149
-1.04868; -1.73801
-1.04535; -1.72468
-1.04201; -1.7115
-1.03868; -1.69847
-1.03535; -1.68559
-1.03201; -1.67286
-1.02868; -1.66026
-1.02534; -1.6478
-1.02201; -1.63548
-1.01867; -1.6233
-1.01534; -1.61124
-1.012; -1.59931
-1.00867; -1.58751
-1.00534; -1.57584
-1.002; -1.56428
-0.998666; -1.55285
-0.995332; -1.54153
-0.991997; -1.53033
-0.988663; -1.51924
-0.985329; -1.50827
-0.981994; -1.4974
-0.97866; -1.48665
-0.975325; -1.476
-0.971991; -1.46545
-0.968656; -1.455
-0.965322; -1.44466
-0.961987; -1.43442
-0.958653; -1.42427
-0.955319; -1.41422
-0.951984; -1.40426
-0.94865; -1.3944
-0.945315; -1.38463
-0.941981; -1.37494
-0.938646; -1.36535
-0.935312; -1.35584
-0.931977; -1.34642
-0.928643; -1.33708
-0.925309; -1.32783
-0.921974; -1.31866
-0.91864; -1.30956
-0.915305; -1.30055
-0.911971; -1.29161
-0.908636; -1.28276
-0.905302; -1.27397
-0.901967; -1.26526
-0.898633; -1.25663
-0.895299; -1.24806
-0.891964; -1.23957
-0.88863; -1.23115
-0.885295; -1.22279
-0.881961; -1.21451
-0.878626; -1.20629
-0.875292; -1.19813
-0.871957; -1.19004
-0.868623; -1.18202
-0.865289; -1.17406
-0.861954; -1.16616
-0.85862; -1.15832
-0.855285; -1.15054
-0.851951; -1.14282
-0.848616; -1.13516
-0.845282; -1.12756
-0.841947; -1.12001
-0.838613; -1.11252
-0.835279; -1.10509
-0.831944; -1.09771
-0.82861; -1.09038
-0.825275; -1.08311
-0.821941; -1.07589
-0.818606; -1.06872
-0.815272; -1.06161
-0.811937; -1.05454
-0.808603; -1.04752
-0.805269; -1.04055
-0.801934; -1.03363
-0.7986; -1.02676
-0.795265; -1.01993
-0.791931; -1.01315
-0.788596; -1.00642
-0.785262; -0.999727
-0.781927; -0.993083
-0.778593; -0.986481
-0.775259; -0.979924
-0.771924; -0.973409
-0.76859; -0.966936
-0.765255; -0.960504
-0.761921; -0.954114
-0.758586; -0.947764
-0.755252; -0.941455
-0.751917; -0.935184
-0.748583; -0.928953
-0.745249; -0.92276
-0.741914; -0.916606
-0.73858; -0.910488
-0.735245; -0.904408
-0.731911; -0.898364
-0.728576; -0.892357
-0.725242; -0.886385
-0.721907; -0.880448
-0.718573; -0.874546
-0.715239; -0.868679
-0.711904; -0.862845
-0.70857; -0.857045
-0.705235; -0.851277
-0.701901; -0.845543
-0.698566; -0.839841
-0.695232; -0.83417
-0.691897; -0.828531
-0.688563; -0.822923
-0.685229; -0.817346
-0.681894; -0.811799
-0.67856; -0.806282
-0.675225; -0.800794
-0.671891; -0.795336
-0.668556; -0.789907
-0.665222; -0.784506
-0.661887; -0.779134
-0.658553; -0.773789
-0.655219; -0.768472
-0.651884; -0.763182
-0.64855; -0.757918
-0.645215; -0.752682
-0.641881; -0.747471
-0.638546; -0.742287
-0.635212; -0.737128
-0.631877; -0.731994
-0.628543; -0.726885
-0.625209; -0.721802
-0.621874; -0.716742
-0.61854; -0.711707
-0.615205; -0.706695
-0.611871; -0.701707
-0.608536; -0.696742
-0.605202; -0.691801
-0.601867; -0.686882
-0.598533; -0.681985
-0.595199; -0.677111
-0.591864; -0.672259
-0.58853; -0.667428
-0.585195; -0.662619
-0.581861; -0.657831
-0.578526; -0.653064
-0.575192; -0.648318
-0.571857; -0.643592
-0.568523; -0.638887
-0.565189; -0.634201
-0.561854; -0.629535
-0.55852; -0.624889
-0.555185; -0.620262
-0.551851; -0.615655
-0.548516; -0.611066
-0.545182; -0.606495
-0.541847; -0.601944
-0.538513; -0.59741
-0.535179; -0.592895
-0.531844; -0.588397
-0.52851; -0.583917
-0.525175; -0.579454
-0.521841; -0.575009
-0.518506; -0.57058
-0.515172; -0.566169
-0.511837; -0.561773
-0.508503; -0.557395
-0.505168; -0.553033
-0.501834; -0.548686
-0.4985; -0.544356
-0.495165; -0.540041
-0.491831; -0.535742
-0.488496; -0.531458
-0.485162; -0.52719
-0.481827; -0.522936
-0.478493; -0.518697
-0.475159; -0.514473
-0.471824; -0.510263
-0.46849; -0.506067
-0.465155; -0.501886
-0.461821; -0.497718
-0.458486; -0.493565
-0.455152; -0.489425
-0.451817; -0.485299
-0.448483; -0.481185
-0.445149; -0.477085
-0.441814; -0.472999
-0.43848; -0.468925
-0.435145; -0.464863
-0.431811; -0.460814
-0.428476; -0.456778
-0.425142; -0.452754
-0.421807; -0.448742
-0.418473; -0.444742
-0.415139; -0.440754
-0.411804; -0.436778
-0.40847; -0.432813
-0.405135; -0.42886
-0.401801; -0.424917
-0.398466; -0.420987
-0.395132; -0.417067
-0.391797; -0.413158
-0.388463; -0.409259
-0.385129; -0.405372
-0.381794; -0.401495
-0.37846; -0.397628
-0.375125; -0.393771
-0.371791; -0.389925
-0.368456; -0.386088
-0.365122; -0.382262
-0.361787; -0.378445
-0.358453; -0.374638
-0.355119; -0.37084
-0.351784; -0.367052
-0.34845; -0.363273
-0.345115; -0.359503
-0.341781; -0.355742
-0.338446; -0.35199
-0.335112; -0.348247
-0.331777; -0.344512
-0.328443; -0.340786
-0.325108; -0.337069
-0.321774; -0.333359
-0.31844; -0.329659
-0.315105; -0.325966
-0.311771; -0.322281
-0.308436; -0.318604
-0.305102; -0.314935
-0.301767; -0.311274
-0.298433; -0.30762
-0.295099; -0.303974
-0.291764; -0.300335
-0.28843; -0.296703
-0.285095; -0.293079
-0.281761; -0.289462
-0.278426; -0.285851
-0.275092; -0.282248
-0.271757; -0.278651
-0.268423; -0.275061
-0.265088; -0.271478
-0.261754; -0.267901
-0.25842; -0.26433
-0.255085; -0.260766
-0.251751; -0.257208
-0.248416; -0.253656
-0.245082; -0.25011
-0.241747; -0.24657
-0.238413; -0.243035
-0.235078; -0.239507
-0.231744; -0.235984
-0.22841; -0.232466
-0.225075; -0.228954
-0.221741; -0.225448
-0.218406; -0.221947
-0.215072; -0.21845
-0.211737; -0.214959
-0.208403; -0.211473
-0.205068; -0.207992
-0.201734; -0.204516
-0.1984; -0.201044
-0.195065; -0.197578
-0.191731; -0.194115
-0.188396; -0.190657
-0.185062; -0.187204
-0.181727; -0.183755
-0.178393; -0.18031
-0.175058; -0.176869
-0.171724; -0.173432
-0.16839; -0.169999
-0.165055; -0.166571
-0.161721; -0.163146
-0.158386; -0.159724
-0.155052; -0.156306
-0.151717; -0.152892
-0.148383; -0.149482
-0.145048; -0.146074
-0.141714; -0.14267
-0.13838; -0.13927
-0.135045; -0.135872
-0.131711; -0.132478
-0.128376; -0.129086
-0.125042; -0.125698
-0.121707; -0.122312
-0.118373; -0.118929
-0.115038; -0.115549
-0.111704; -0.112171
-0.10837; -0.108796
-0.105035; -0.105423
-0.101701; -0.102053
-0.0983663; -0.0986848
-0.0950318; -0.0953189
-0.0916974; -0.0919553
-0.0883629; -0.0885936
-0.0850285; -0.085234
-0.081694; -0.0818763
-0.0783596; -0.0785204
-0.0750252; -0.0751662
-0.0716907; -0.0718138
-0.0683563; -0.0684629
-0.0650218; -0.0651136
-0.0616874; -0.0617657
-0.0583529; -0.0584193
-0.0550185; -0.0550741
-0.051684; -0.0517301
-0.0483496; -0.0483873
-0.0450152; -0.0450456
-0.0416807; -0.0417049
-0.0383463; -0.0383651
-0.0350118; -0.0350261
-0.0316774; -0.031688
-0.0283429; -0.0283505
-0.0250085; -0.0250137
-0.021674; -0.0216774
-0.0183396; -0.0183417
-0.0150052; -0.0150063
-0.0116707; -0.0116712
-0.00833626; -0.00833645
-0.00500182; -0.00500186
-0.00166737; -0.00166737
0.00166707; 0.00166707
0.00500152; 0.00500156
0.00833596; 0.00833615
0.0116704; 0.0116709
0.0150049; 0.015006
0.0183393; 0.0183414
0.0216737; 0.0216771
0.0250082; 0.0250134
0.0283426; 0.0283502
0.0316771; 0.0316877
0.0350115; 0.0350258
0.038346; 0.0383648
0.0416804; 0.0417046
0.0450149; 0.0450453
0.0483493; 0.048387
0.0516837; 0.0517298
0.0550182; 0.0550738
0.0583526; 0.0584189
0.0616871; 0.0617654
0.0650215; 0.0651133
0.068356; 0.0684626
0.0716904; 0.0718135
0.0750249; 0.0751659
0.0783593; 0.0785201
0.0816937; 0.081876
0.0850282; 0.0852337
0.0883626; 0.0885933
0.0916971; 0.0919549
0.0950315; 0.0953186
0.098366; 0.0986845
0.1017; 0.102052
0.105035; 0.105423
0.108369; 0.108796
0.111704; 0.112171
0.115038; 0.115548
0.118373; 0.118929
0.121707; 0.122312
0.125042; 0.125697
0.128376; 0.129086
0.13171; 0.132477
0.135045; 0.135872
0.138379; 0.139269
0.141714; 0.14267
0.145048; 0.146074
0.148383; 0.149481
0.151717; 0.152892
0.155052; 0.156306
0.158386; 0.159724
0.16172; 0.163145
0.165055; 0.16657
0.168389; 0.169999
0.171724; 0.173432
0.175058; 0.176869
0.178393; 0.180309
0.181727; 0.183754
0.185062; 0.187204
0.188396; 0.190657
0.19173; 0.194115
0.195065; 0.197577
0.198399; 0.201044
0.201734; 0.204516
0.205068; 0.207992
0.208403; 0.211473
0.211737; 0.214959
0.215072; 0.21845
0.218406; 0.221946
0.22174; 0.225448
0.225075; 0.228954
0.228409; 0.232466
0.231744; 0.235983
0.235078; 0.239506
0.238413; 0.243035
0.241747; 0.246569
0.245082; 0.250109
0.248416; 0.253655
0.25175; 0.257207
0.255085; 0.260765
0.258419; 0.26433
0.261754; 0.2679
0.265088; 0.271477
0.268423; 0.275061
0.271757; 0.278651
0.275092; 0.282247
0.278426; 0.285851
0.28176; 0.289461
0.285095; 0.293079
0.288429; 0.296703
0.291764; 0.300335
0.295098; 0.303973
0.298433; 0.30762
0.301767; 0.311274
0.305102; 0.314935
0.308436; 0.318604
0.31177; 0.322281
0.315105; 0.325965
0.318439; 0.329658
0.321774; 0.333359
0.325108; 0.337068
0.328443; 0.340786
0.331777; 0.344512
0.335112; 0.348246
0.338446; 0.351989
0.34178; 0.355741
0.345115; 0.359502
0.348449; 0.363272
0.351784; 0.367051
0.355118; 0.37084
0.358453; 0.374637
0.361787; 0.378445
0.365122; 0.382261
0.368456; 0.386088
0.37179; 0.389924
0.375125; 0.393771
0.378459; 0.397627
0.381794; 0.401494
0.385128; 0.405371
0.388463; 0.409259
0.391797; 0.413157
0.395132; 0.417066
0.398466; 0.420986
0.4018; 0.424917
0.405135; 0.428859
0.408469; 0.432813
0.411804; 0.436777
0.415138; 0.440754
0.418473; 0.444742
0.421807; 0.448742
0.425142; 0.452754
0.428476; 0.456778
0.43181; 0.460814
0.435145; 0.464863
0.438479; 0.468924
0.441814; 0.472998
0.445148; 0.477085
0.448483; 0.481185
0.451817; 0.485298
0.455152; 0.489425
0.458486; 0.493565
0.46182; 0.497718
0.465155; 0.501886
0.468489; 0.506067
0.471824; 0.510262
0.475158; 0.514472
0.478493; 0.518696
0.481827; 0.522935
0.485162; 0.527189
0.488496; 0.531458
0.49183; 0.535742
0.495165; 0.540041
0.498499; 0.544356
0.501834; 0.548686
0.505168; 0.553032
0.508503; 0.557395
0.511837; 0.561773
0.515172; 0.566168
0.518506; 0.57058
0.52184; 0.575008
0.525175; 0.579454
0.528509; 0.583916
0.531844; 0.588396
0.535178; 0.592894
0.538513; 0.59741
0.541847; 0.601943
0.545182; 0.606495
0.548516; 0.611065
0.55185; 0.615654
0.555185; 0.620262
0.558519; 0.624889
0.561854; 0.629535
0.565188; 0.634201
0.568523; 0.638886
0.571857; 0.643592
0.575192; 0.648317
0.578526; 0.653064
0.58186; 0.657831
0.585195; 0.662619
0.588529; 0.667428
0.591864; 0.672258
0.595198; 0.677111
0.598533; 0.681985
0.601867; 0.686881
0.605202; 0.6918
0.608536; 0.696742
0.61187; 0.701707
0.615205; 0.706695
0.618539; 0.711706
0.621874; 0.716742
0.625208; 0.721801
0.628543; 0.726885
0.631877; 0.731994
0.635212; 0.737127
0.638546; 0.742286
0.64188; 0.747471
0.645215; 0.752681
0.648549; 0.757918
0.651884; 0.763181
0.655218; 0.768471
0.658553; 0.773788
0.661887; 0.779133
0.665222; 0.784506
0.668556; 0.789907
0.67189; 0.795336
0.675225; 0.800794
0.678559; 0.806281
0.681894; 0.811798
0.685228; 0.817345
0.688563; 0.822923
0.691897; 0.828531
0.695232; 0.83417
0.698566; 0.83984
0.7019; 0.845542
0.705235; 0.851277
0.708569; 0.857044
0.711904; 0.862845
0.715238; 0.868678
0.718573; 0.874546
0.721907; 0.880448
0.725242; 0.886385
0.728576; 0.892356
0.73191; 0.898364
0.735245; 0.904408
0.738579; 0.910488
0.741914; 0.916605
0.745248; 0.92276
0.748583; 0.928953
0.751917; 0.935184
0.755252; 0.941454
0.758586; 0.947764
0.76192; 0.954113
0.765255; 0.960504
0.768589; 0.966935
0.771924; 0.973408
0.775258; 0.979923
0.778593; 0.986481
0.781927; 0.993082
0.785262; 0.999727
0.788596; 1.00642
0.79193; 1.01315
0.795265; 1.01993
0.798599; 1.02676
0.801934; 1.03363
0.805268; 1.04055
0.808603; 1.04752
0.811937; 1.05454
0.815272; 1.06161
0.818606; 1.06872
0.82194; 1.07589
0.825275; 1.08311
0.828609; 1.09038
0.831944; 1.09771
0.835278; 1.10509
0.838613; 1.11252
0.841947; 1.12001
0.845282; 1.12756
0.848616; 1.13516
0.85195; 1.14282
0.855285; 1.15054
0.858619; 1.15832
0.861954; 1.16616
0.865288; 1.17406
0.868623; 1.18202
0.871957; 1.19004
0.875292; 1.19813
0.878626; 1.20628
0.88196; 1.2145
0.885295; 1.22279
0.888629; 1.23115
0.891964; 1.23957
0.895298; 1.24806
0.898633; 1.25663
0.901967; 1.26526
0.905302; 1.27397
0.908636; 1.28275
0.91197; 1.29161
0.915305; 1.30055
0.918639; 1.30956
0.921974; 1.31866
0.925308; 1.32783
0.928643; 1.33708
0.931977; 1.34642
0.935312; 1.35584
0.938646; 1.36535
0.94198; 1.37494
0.945315; 1.38463
0.948649; 1.3944
0.951984; 1.40426
0.955318; 1.41422
0.958653; 1.42427
0.961987; 1.43442
0.965322; 1.44466
0.968656; 1.455
0.97199; 1.46545
0.975325; 1.47599
0.978659; 1.48665
0.981994; 1.4974
0.985328; 1.50827
0.988663; 1.51924
0.991997; 1.53033
0.995332; 1.54153
0.998666; 1.55285
1.002; 1.56428
1.00533; 1.57584
1.00867; 1.58751
1.012; 1.59931
1.01534; 1.61124
1.01867; 1.62329
1.02201; 1.63548
1.02534; 1.6478
1.02868; 1.66026
1.03201; 1.67285
1.03534; 1.68559
1.03868; 1.69847
1.04201; 1.7115
1.04535; 1.72468
1.04868; 1.73801
1.05202; 1.75149
1.05535; 1.76513
1.05869; 1.77894
1.06202; 1.79291
1.06535; 1.80705
1.06869; 1.82136
1.07202; 1.83584
1.07536; 1.8505
1.07869; 1.86535
1.08203; 1.88038
1.08536; 1.8956
1.0887; 1.91101
1.09203; 1.92662
1.09536; 1.94243
1.0987; 1.95845
1.10203; 1.97468
1.10537; 1.99113
1.1087; 2.00779
1.11204; 2.02468
1.11537; 2.0418
1.11871; 2.05916
1.12204; 2.07675
1.12537; 2.09459
1.12871; 2.11268
1.13204; 2.13103
1.13538; 2.14964
1.13871; 2.16851
1.14205; 2.18767
1.14538; 2.2071
1.14872; 2.22682
1.15205; 2.24684
1.15538; 2.26716
1.15872; 2.28779
1.16205; 2.30874
1.16539; 2.33001
1.16872; 2.35161
1.17206; 2.37356
1.17539; 2.39586
1.17873; 2.41851
1.18206; 2.44154
1.1854; 2.46494
1.18873; 2.48873
1.19206; 2.51292
1.1954; 2.53751
1.19873; 2.56253
1.20207; 2.58798
1.2054; 2.61387
1.20874; 2.64022
1.21207; 2.66703
1.2154; 2.69433
1.21874; 2.72212
1.22207; 2.75041
1.22541; 2.77924
1.22874; 2.8086
1.23208; 2.83852
1.23541; 2.86901
1.23875; 2.90009
1.24208; 2.93177
1.24541; 2.96408
1.24875; 2.99704
1.25208; 3.03066
1.25542; 3.06497
1.25875; 3.09998
1.26209; 3.13573
1.26542; 3.17224
1.26876; 3.20952
1.27209; 3.24761
1.27542; 3.28653
1.27876; 3.32632
1.28209; 3.367
1.28543; 3.4086
1.28876; 3.45116
1.2921; 3.49471
1.29543; 3.53929
1.29877; 3.58493
1.3021; 3.63168
1.30543; 3.67957
1.30877; 3.72866
1.3121; 3.77898
1.31544; 3.83058
1.31877; 3.88352
1.32211; 3.93784
1.32544; 3.99362
1.32878; 4.0509
1.33211; 4.10974
1.33544; 4.17022
1.33878; 4.23241
1.34211; 4.29638
1.34545; 4.36221
1.34878; 4.42998
1.35212; 4.49978
1.35545; 4.57171
1.35879; 4.64587
1.36212; 4.72236
1.36545; 4.8013
1.36879; 4.88281
1.37212; 4.96701
1.37546; 5.05405
1.37879; 5.14408
1.38213; 5.23724
1.38546; 5.33372
1.3888; 5.4337
1.39213; 5.53736
1.39547; 5.64492
1.3988; 5.75661
1.40213; 5.87267
1.40547; 5.99337
1.4088; 6.11899
1.41214; 6.24984
1.41547; 6.38627
1.41881; 6.52863
1.42214; 6.67732
1.42548; 6.83279
1.42881; 6.99551
1.43214; 7.16599
1.43548; 7.34484
1.43881; 7.53265
1.44215; 7.73014
1.44548; 7.93809
1.44882; 8.15734
1.45215; 8.38885
1.45548; 8.6337
1.45882; 8.89305
1.46215; 9.16826
1.46549; 9.46082
1.46882; 9.77244
1.47216; 10.1051
1.47549; 10.4609
1.47883; 10.8424
1.48216; 11.2526
1.48549; 11.6947
1.48883; 12.1727
1.49216; 12.6912
1.4955; 13.2554
1.49883; 13.8719
1.50217; 14.5482
1.5055; 15.2934
1.50884; 16.1187
1.51217; 17.0378
1.5155; 18.0676
1.51884; 19.2294
1.52217; 20.5504
1.52551; 22.0658
1.52884; 23.8219
1.53218; 25.881
1.53551; 28.3291
1.53885; 31.288
1.54218; 34.9361
1.54551; 39.5463
1.54885; 45.5572
1.55218; 53.7211
1.55552; 65.4481
1.55885; 83.723
1.56219; 116.152
1.56552; 189.58
1.56886; 515.397
1.57219; -717.281
1.57552; -211.479
1.57886; -124.019
1.58219; -87.7349
1.58553; -67.8751
1.58886; -55.3453
1.5922; -46.7201
1.59553; -40.4198
1.59887; -35.6162
1.6022; -31.8325
1.60554; -28.7748
1.60887; -26.2526
1.6122; -24.1364
1.61554; -22.3355
1.61887; -20.7842
1.62221; -19.434
1.62554; -18.2481
1.62888; -17.1983
1.63221; -16.2624
1.63555; -15.4227
1.63888; -14.6652
1.64221; -13.9784
1.64555; -13.3526
1.64888; -12.7803
1.65222; -12.2547
1.65555; -11.7704
1.65889; -11.3227
1.66222; -10.9075
1.66556; -10.5215
1.66889; -10.1617
1.67222; -9.82542
1.67556; -9.5105
1.67889; -9.21494
1.68223; -8.937
1.68556; -8.67515
1.6889; -8.42802
1.69223; -8.19439
1.69556; -7.9732
1.6989; -7.76347
1.70223; -7.56431
1.70557; -7.37496
1.7089; -7.1947
1.71224; -7.02288
1.71557; -6.85893
1.71891; -6.70231
1.72224; -6.55253
1.72557; -6.40917
1.72891; -6.27179
1.73224; -6.14005
1.73558; -6.0136
1.73891; -5.89211
1.74225; -5.77531
1.74558; -5.66293
1.74892; -5.5547
1.75225; -5.45042
1.75558; -5.34985
1.75892; -5.25281
1.76225; -5.15912
1.76559; -5.06859
1.76892; -4.98107
1.77226; -4.89641
1.77559; -4.81447
1.77893; -4.73512
1.78226; -4.65823
1.78559; -4.5837
1.78893; -4.51141
1.79226; -4.44127
1.7956; -4.37317
1.79893; -4.30703
1.80227; -4.24276
1.8056; -4.18029
1.80894; -4.11953
1.81227; -4.06042
1.81561; -4.00289
1.81894; -3.94688
1.82227; -3.89232
1.82561; -3.83915
1.82894; -3.78734
1.83228; -3.73681
1.83561; -3.68753
1.83895; -3.63944
1.84228; -3.59251
1.84562; -3.54669
1.84895; -3.50194
1.85228; -3.45823
1.85562; -3.41551
1.85895; -3.37375
1.86229; -3.33292
1.86562; -3.29299
1.86896; -3.25393
1.87229; -3.2157
1.87563; -3.17829
1.87896; -3.14166
1.88229; -3.10579
1.88563; -3.07065
1.88896; -3.03623
1.8923; -3.0025
1.89563; -2.96944
1.89897; -2.93702
1.9023; -2.90523
1.90563; -2.87406
1.90897; -2.84347
1.9123; -2.81346
1.91564; -2.78401
1.91897; -2.7551
1.92231; -2.72672
1.92564; -2.69884
1.92898; -2.67147
1.93231; -2.64457
1.93564; -2.61815
1.93898; -2.59219
1.94231; -2.56667
1.94565; -2.54158
1.94898; -2.51692
1.95232; -2.49266
1.95565; -2.46881
1.95899; -2.44534
1.96232; -2.42226
1.96565; -2.39954
1.96899; -2.37719
1.97232; -2.35519
1.97566; -2.33353
1.97899; -2.3122
1.98233; -2.2912
1.98566; -2.27052
1.989; -2.25015
1.99233; -2.23008
1.99566; -2.21031
1.999; -2.19083
2.00233; -2.17163
2.00567; -2.15271
2.009; -2.13406
2.01234; -2.11567
2.01567; -2.09753
2.01901; -2.07966
2.02234; -2.06202
2.02568; -2.04463
2.02901; -2.02747
2.03234; -2.01054
2.03568; -1.99384
2.03901; -1.97736
2.04235; -1.9611
2.04568; -1.94504
2.04902; -1.9292
2.05235; -1.91355
2.05569; -1.89811
2.05902; -1.88286
2.06235; -1.8678
2.06569; -1.85292
2.06902; -1.83823
2.07236; -1.82372
2.07569; -1.80938
2.07903; -1.79521
2.08236; -1.78122
2.0857; -1.76738
2.08903; -1.75371
2.09236; -1.7402
2.0957; -1.72685
2.09903; -1.71365
2.10237; -1.7006
2.1057; -1.68769
2.10904; -1.67493
2.11237; -1.66231
2.11571; -1.64983
2.11904; -1.63749
2.12237; -1.62528
2.12571; -1.6132
2.12904; -1.60126
2.13238; -1.58944
2.13571; -1.57774
2.13905; -1.56617
2.14238; -1.55471
2.14571; -1.54338
2.14905; -1.53216
2.15238; -1.52105
2.15572; -1.51006
2.15905; -1.49918
2.16239; -1.4884
2.16572; -1.47773
2.16906; -1.46717
2.17239; -1.45671
2.17572; -1.44635
2.17906; -1.43609
2.18239; -1.42592
2.18573; -1.41586
2.18906; -1.40589
2.1924; -1.39601
2.19573; -1.38622
2.19907; -1.37652
2.2024; -1.36691
2.20573; -1.35739
2.20907; -1.34796
2.2124; -1.33861
2.21574; -1.32934
2.21907; -1.32015
2.22241; -1.31105
2.22574; -1.30202
2.22908; -1.29307
2.23241; -1.2842
2.23574; -1.2754
2.23908; -1.26668
2.24241; -1.25803
2.24575; -1.24946
2.24908; -1.24095
2.25242; -1.23252
2.25575; -1.22415
2.25909; -1.21586
2.26242; -1.20763
2.26575; -1.19946
2.26909; -1.19136
2.27242; -1.18333
2.27576; -1.17536
2.27909; -1.16745
2.28243; -1.1596
2.28576; -1.15181
2.2891; -1.14408
2.29243; -1.13641
2.29576; -1.1288
2.2991; -1.12124
2.30243; -1.11375
2.30577; -1.1063
2.3091; -1.09891
2.31244; -1.09158
2.31577; -1.0843
2.31911; -1.07707
2.32244; -1.06989
2.32578; -1.06277
2.32911; -1.05569
2.33244; -1.04867
2.33578; -1.04169
2.33911; -1.03476
2.34245; -1.02788
2.34578; -1.02105
2.34912; -1.01426
2.35245; -1.00752
2.35579; -1.00082
2.35912; -0.994167
2.36245; -0.987559
2.36579; -0.980994
2.36912; -0.974472
2.37246; -0.967992
2.37579; -0.961554
2.37913; -0.955157
2.38246; -0.948801
2.3858; -0.942485
2.38913; -0.936208
2.39246; -0.929971
2.3958; -0.923771
2.39913; -0.917611
2.40247; -0.911487
2.4058; -0.905401
2.40914; -0.899351
2.41247; -0.893338
2.41581; -0.88736
2.41914; -0.881418
2.42247; -0.87551
2.42581; -0.869637
2.42914; -0.863798
2.43248; -0.857992
2.43581; -0.852219
2.43915; -0.84648
2.44248; -0.840772
2.44582; -0.835096
2.44915; -0.829452
2.45248; -0.823839
2.45582; -0.818257
2.45915; -0.812705
2.46249; -0.807183
2.46582; -0.801691
2.46916; -0.796228
2.47249; -0.790794
2.47583; -0.785388
2.47916; -0.780011
2.48249; -0.774662
2.48583; -0.76934
2.48916; -0.764046
2.4925; -0.758778
2.49583; -0.753537
2.49917; -0.748322
2.5025; -0.743134
2.50584; -0.737971
2.50917; -0.732833
2.5125; -0.72772
2.51584; -0.722632
2.51917; -0.717569
2.52251; -0.712529
2.52584; -0.707514
2.52918; -0.702522
2.53251; -0.697554
2.53585; -0.692608
2.53918; -0.687685
2.54251; -0.682786
2.54585; -0.677907
2.54918; -0.673052
2.55252; -0.668218
2.55585; -0.663405
2.55919; -0.658613
2.56252; -0.653843
2.56586; -0.649093
2.56919; -0.644364
2.57252; -0.639656
2.57586; -0.634967
2.57919; -0.630298
2.58253; -0.625648
2.58586; -0.621019
2.5892; -0.616407
2.59253; -0.611815
2.59587; -0.607242
2.5992; -0.602687
2.60253; -0.598151
2.60587; -0.593633
2.6092; -0.589132
2.61254; -0.584649
2.61587; -0.580184
2.61921; -0.575735
2.62254; -0.571304
2.62587; -0.56689
2.62921; -0.562492
2.63254; -0.55811
2.63588; -0.553746
2.63921; -0.549397
2.64255; -0.545064
2.64588; -0.540747
2.64922; -0.536445
2.65255; -0.532158
2.65588; -0.527887
2.65922; -0.523631
2.66255; -0.51939
2.66589; -0.515163
2.66922; -0.510951
2.67256; -0.506753
2.67589; -0.50257
2.67923; -0.4984
2.68256; -0.494244
2.68589; -0.490102
2.68923; -0.485973
2.69256; -0.481858
2.6959; -0.477756
2.69923; -0.473667
2.70257; -0.46959
2.7059; -0.465527
2.70924; -0.461476
2.71257; -0.457438
2.7159; -0.453412
2.71924; -0.449398
2.72257; -0.445396
2.72591; -0.441406
2.72924; -0.437428
2.73258; -0.433461
2.73591; -0.429506
2.73925; -0.425562
2.74258; -0.421629
2.74592; -0.417707
2.74925; -0.413797
2.75258; -0.409897
2.75592; -0.406007
2.75925; -0.402129
2.76259; -0.39826
2.76592; -0.394402
2.76926; -0.390554
2.77259; -0.386716
2.77593; -0.382887
2.77926; -0.379069
2.78259; -0.37526
2.78593; -0.371461
2.78926; -0.367671
2.7926; -0.363891
2.79593; -0.360119
2.79927; -0.356357
2.8026; -0.352603
2.80594; -0.348859
2.80927; -0.345123
2.8126; -0.341395
2.81594; -0.337676
2.81927; -0.333966
2.82261; -0.330264
2.82594; -0.32657
2.82928; -0.322884
2.83261; -0.319206
2.83595; -0.315535
2.83928; -0.311873
2.84261; -0.308218
2.84595; -0.30457
2.84928; -0.30093
2.85262; -0.297297
2.85595; -0.293672
2.85929; -0.290053
2.86262; -0.286442
2.86596; -0.282837
2.86929; -0.279239
2.87262; -0.275648
2.87596; -0.272064
2.87929; -0.268486
2.88263; -0.264914
2.88596; -0.261349
2.8893; -0.25779
2.89263; -0.254237
2.89597; -0.25069
2.8993; -0.247149
2.90263; -0.243613
2.90597; -0.240084
2.9093; -0.23656
2.91264; -0.233042
2.91597; -0.229529
2.91931; -0.226021
2.92264; -0.222519
2.92598; -0.219022
2.92931; -0.21553
2.93264; -0.212044
2.93598; -0.208562
2.93931; -0.205085
2.94265; -0.201612
2.94598; -0.198145
2.94932; -0.194682
2.95265; -0.191223
2.95599; -0.187769
2.95932; -0.184319
2.96265; -0.180873
2.96599; -0.177432
2.96932; -0.173994
2.97266; -0.170561
2.97599; -0.167132
2.97933; -0.163706
2.98266; -0.160284
2.986; -0.156866
2.98933; -0.153451
2.99266; -0.15004
2.996; -0.146632
2.99933; -0.143227
3.00267; -0.139826
3.006; -0.136428
3.00934; -0.133033
3.01267; -0.129641
3.01601; -0.126252
3.01934; -0.122866
3.02267; -0.119482
3.02601; -0.116102
3.02934; -0.112724
3.03268; -0.109348
3.03601; -0.105975
3.03935; -0.102604
3.04268; -0.0992358
3.04602; -0.0958698
3.04935; -0.0925057
3.05268; -0.0891437
3.05602; -0.0857839
3.05935; -0.0824258
3.06269; -0.0790695
3.06602; -0.0757153
3.06936; -0.0723624
3.07269; -0.0690113
3.07603; -0.0656618
3.07936; -0.0623137
3.08269; -0.0589669
3.08603; -0.0556217
3.08936; -0.0522774
3.0927; -0.0489344
3.09603; -0.0455926
3.09937; -0.0422517
3.1027; -0.0389117
3.10603; -0.0355727
3.10937; -0.0322344
3.1127; -0.0288967
3.11604; -0.02556
3.11937; -0.0222236
3.12271; -0.0188876
3.12604; -0.0155523
3.12938; -0.0122172
3.13271; -0.00888228
3.13605; -0.00554758
3.13938; -0.00221324
3.14271; 0.00112128
3.14605; 0.00445583
3.14938; 0.00779025
3.15272; 0.0111251
3.15605; 0.0144601
3.15939; 0.0177953
3.16272; 0.0211311
3.16606; 0.0244673
3.16939; 0.0278039
3.17272; 0.0311413
3.17606; 0.0344794
3.17939; 0.0378181
3.18273; 0.0411578
3.18606; 0.0444985
3.1894; 0.0478399
3.19273; 0.0511825
3.19607; 0.0545264
3.1994; 0.0578712
3.20273; 0.0612176
3.20607; 0.0645653
3.2094; 0.0679142
3.21274; 0.0712649
3.21607; 0.0746171
3.21941; 0.0779708
3.22274; 0.0813265
3.22608; 0.084684
3.22941; 0.0880432
3.23274; 0.0914045
3.23608; 0.094768
3.23941; 0.0981332
3.24275; 0.101501
3.24608; 0.104871
3.24942; 0.108243
3.25275; 0.111618
3.25609; 0.114995
3.25942; 0.118375
3.26275; 0.121758
3.26609; 0.125143
3.26942; 0.128531
3.27276; 0.131922
3.27609; 0.135316
3.27943; 0.138713
3.28276; 0.142113
3.2861; 0.145517
3.28943; 0.148923
3.29276; 0.152333
3.2961; 0.155747
3.29943; 0.159164
3.30277; 0.162585
3.3061; 0.166009
3.30944; 0.169438
3.31277; 0.17287
3.31611; 0.176306
3.31944; 0.179746
3.32277; 0.18319
3.32611; 0.186639
3.32944; 0.190091
3.33278; 0.193548
3.33611; 0.19701
3.33945; 0.200476
3.34278; 0.203947
3.34612; 0.207423
3.34945; 0.210903
3.35278; 0.214388
3.35612; 0.217878
3.35945; 0.221374
3.36279; 0.224874
3.36612; 0.22838
3.36946; 0.231891
3.37279; 0.235407
3.37613; 0.238929
3.37946; 0.242457
3.38279; 0.24599
3.38613; 0.249529
3.38946; 0.253074
3.3928; 0.256625
3.39613; 0.260183
3.39947; 0.263746
3.4028; 0.267315
3.40614; 0.270891
3.40947; 0.274474
3.4128; 0.278063
3.41614; 0.281658
3.41947; 0.285261
3.42281; 0.28887
3.42614; 0.292486
3.42948; 0.296109
3.43281; 0.29974
3.43615; 0.303377
3.43948; 0.307022
3.44281; 0.310675
3.44615; 0.314335
3.44948; 0.318003
3.45282; 0.321678
3.45615; 0.325362
3.45949; 0.329053
3.46282; 0.332753
3.46616; 0.33646
3.46949; 0.340177
3.47282; 0.343901
3.47616; 0.347634
3.47949; 0.351376
3.48283; 0.355127
3.48616; 0.358886
3.4895; 0.362654
3.49283; 0.366432
3.49617; 0.370219
3.4995; 0.374015
3.50283; 0.377821
3.50617; 0.381636
3.5095; 0.385461
3.51284; 0.389296
3.51617; 0.39314
3.51951; 0.396995
3.52284; 0.400861
3.52618; 0.404736
3.52951; 0.408622
3.53284; 0.412518
3.53618; 0.416426
3.53951; 0.420344
3.54285; 0.424273
3.54618; 0.428213
3.54952; 0.432165
3.55285; 0.436128
3.55619; 0.440102
3.55952; 0.444088
3.56285; 0.448086
3.56619; 0.452096
3.56952; 0.456118
3.57286; 0.460153
3.57619; 0.464199
3.57953; 0.468258
3.58286; 0.47233
3.5862; 0.476415
3.58953; 0.480513
3.59286; 0.484624
3.5962; 0.488748
3.59953; 0.492886
3.60287; 0.497037
3.6062; 0.501203
3.60954; 0.505381
3.61287; 0.509575
3.61621; 0.513782
3.61954; 0.518004
3.62287; 0.52224
3.62621; 0.526492
3.62954; 0.530758
3.63288; 0.535039
3.63621; 0.539336
3.63955; 0.543648
3.64288; 0.547976
3.64622; 0.55232
3.64955; 0.556679
3.65288; 0.561055
3.65622; 0.565448
3.65955; 0.569856
3.66289; 0.574282
3.66622; 0.578725
3.66956; 0.583185
3.67289; 0.587662
3.67623; 0.592157
3.67956; 0.596669
3.68289; 0.6012
3.68623; 0.605749
3.68956; 0.610316
3.6929; 0.614902
3.69623; 0.619506
3.69957; 0.62413
3.7029; 0.628773
3.70624; 0.633436
3.70957; 0.638118
3.7129; 0.64282
3.71624; 0.647543
3.71957; 0.652286
3.72291; 0.657049
3.72624; 0.661833
3.72958; 0.666639
3.73291; 0.671466
3.73625; 0.676315
3.73958; 0.681186
3.74291; 0.686078
3.74625; 0.690993
3.74958; 0.695932
3.75292; 0.700892
3.75625; 0.705877
3.75959; 0.710884
3.76292; 0.715916
3.76626; 0.720971
3.76959; 0.726051
3.77292; 0.731156
3.77626; 0.736285
3.77959; 0.74144
3.78293; 0.74662
3.78626; 0.751826
3.7896; 0.757059
3.79293; 0.762318
3.79627; 0.767603
3.7996; 0.772916
3.80293; 0.778256
3.80627; 0.783624
3.8096; 0.789021
3.81294; 0.794445
3.81627; 0.799899
3.81961; 0.805381
3.82294; 0.810893
3.82628; 0.816435
3.82961; 0.822008
3.83294; 0.827611
3.83628; 0.833244
3.83961; 0.83891
3.84295; 0.844607
3.84628; 0.850336
3.84962; 0.856098
3.85295; 0.861893
3.85629; 0.867721
3.85962; 0.873583
3.86295; 0.879479
3.86629; 0.88541
3.86962; 0.891376
3.87296; 0.897378
3.87629; 0.903416
3.87963; 0.90949
3.88296; 0.915601
3.8863; 0.92175
3.88963; 0.927936
3.89296; 0.934161
3.8963; 0.940425
3.89963; 0.946728
3.90297; 0.953071
3.9063; 0.959455
3.90964; 0.965879
3.91297; 0.972346
3.91631; 0.978853
3.91964; 0.985404
3.92297; 0.991998
3.92631; 0.998636
3.92964; 1.00532
3.93298; 1.01205
3.93631; 1.01882
3.93965; 1.02564
3.94298; 1.0325
3.94632; 1.03942
3.94965; 1.04638
3.95298; 1.05339
3.95632; 1.06045
3.95965; 1.06755
3.96299; 1.07471
3.96632; 1.08193
3.96966; 1.08919
3.97299; 1.09651
3.97633; 1.10388
3.97966; 1.1113
3.98299; 1.11878
3.98633; 1.12632
3.98966; 1.13391
3.993; 1.14156
3.99633; 1.14927
3.99967; 1.15704
4.003; 1.16487
4.00634; 1.17276
4.00967; 1.18071
4.013; 1.18872
4.01634; 1.1968
4.01967; 1.20495
4.02301; 1.21315
4.02634; 1.22143
4.02968; 1.22977
4.03301; 1.23819
4.03635; 1.24667
4.03968; 1.25522
4.04301; 1.26384
4.04635; 1.27254
4.04968; 1.28131
4.05302; 1.29016
4.05635; 1.29908
4.05969; 1.30808
4.06302; 1.31716
4.06636; 1.32632
4.06969; 1.33556
4.07302; 1.34489
4.07636; 1.35429
4.07969; 1.36379
4.08303; 1.37337
4.08636; 1.38303
4.0897; 1.39279
4.09303; 1.40264
4.09636; 1.41258
4.0997; 1.42262
4.10303; 1.43275
4.10637; 1.44298
4.1097; 1.4533
4.11304; 1.46373
4.11637; 1.47426
4.11971; 1.48489
4.12304; 1.49563
4.12638; 1.50648
4.12971; 1.51744
4.13304; 1.52851
4.13638; 1.53969
4.13971; 1.55099
4.14305; 1.5624
4.14638; 1.57394
4.14972; 1.58559
4.15305; 1.59737
4.15639; 1.60928
4.15972; 1.62131
4.16305; 1.63348
4.16639; 1.64578
4.16972; 1.65821
4.17306; 1.67078
4.17639; 1.6835
4.17973; 1.69635
4.18306; 1.70936
4.1864; 1.72251
4.18973; 1.73581
4.19306; 1.74927
4.1964; 1.76289
4.19973; 1.77667
4.20307; 1.79061
4.2064; 1.80472
4.20974; 1.819
4.21307; 1.83346
4.21641; 1.84809
4.21974; 1.8629
4.22307; 1.8779
4.22641; 1.89309
4.22974; 1.90847
4.23308; 1.92405
4.23641; 1.93983
4.23975; 1.95582
4.24308; 1.97201
4.24642; 1.98842
4.24975; 2.00505
4.25308; 2.0219
4.25642; 2.03899
4.25975; 2.0563
4.26309; 2.07385
4.26642; 2.09165
4.26976; 2.1097
4.27309; 2.12801
4.27643; 2.14657
4.27976; 2.1654
4.28309; 2.18451
4.28643; 2.2039
4.28976; 2.22358
4.2931; 2.24354
4.29643; 2.26382
4.29977; 2.28439
4.3031; 2.30529
4.30644; 2.3265
4.30977; 2.34806
4.3131; 2.36995
4.31644; 2.39218
4.31977; 2.41478
4.32311; 2.43774
4.32644; 2.46108
4.32978; 2.48481
4.33311; 2.50893
4.33645; 2.53346
4.33978; 2.55841
4.34311; 2.58378
4.34645; 2.6096
4.34978; 2.63587
4.35312; 2.66261
4.35645; 2.68982
4.35979; 2.71753
4.36312; 2.74575
4.36646; 2.77448
4.36979; 2.80376
4.37312; 2.83358
4.37646; 2.86398
4.37979; 2.89496
4.38313; 2.92654
4.38646; 2.95875
4.3898; 2.9916
4.39313; 3.02511
4.39647; 3.0593
4.3998; 3.0942
4.40313; 3.12983
4.40647; 3.1662
4.4098; 3.20336
4.41314; 3.24132
4.41647; 3.2801
4.41981; 3.31975
4.42314; 3.36028
4.42648; 3.40173
4.42981; 3.44413
4.43314; 3.48751
4.43648; 3.53192
4.43981; 3.57739
4.44315; 3.62395
4.44648; 3.67165
4.44982; 3.72054
4.45315; 3.77065
4.45649; 3.82204
4.45982; 3.87476
4.46315; 3.92886
4.46649; 3.98438
4.46982; 4.04141
4.47316; 4.1
4.47649; 4.16021
4.47983; 4.22211
4.48316; 4.28579
4.4865; 4.3513
4.48983; 4.41875
4.49316; 4.48821
4.4965; 4.55979
4.49983; 4.63358
4.50317; 4.70968
4.5065; 4.7882
4.50984; 4.86928
4.51317; 4.95303
4.51651; 5.0396
4.51984; 5.12913
4.52317; 5.22178
4.52651; 5.31769
4.52984; 5.41708
4.53318; 5.52013
4.53651; 5.62704
4.53985; 5.73804
4.54318; 5.85337
4.54651; 5.97327
4.54985; 6.09807
4.55318; 6.22805
4.55652; 6.36354
4.55985; 6.5049
4.56319; 6.65254
4.56652; 6.80687
4.56986; 6.96835
4.57319; 7.13753
4.57653; 7.31496
4.57986; 7.50127
4.58319; 7.69713
4.58653; 7.90332
4.58986; 8.12063
4.5932; 8.35007
4.59653; 8.59266
4.59987; 8.84956
4.6032; 9.12207
4.60654; 9.41169
4.60987; 9.72003
4.6132; 10.0491
4.61654; 10.4009
4.61987; 10.7781
4.62321; 11.1833
4.62654; 11.62
4.62988; 12.0918
4.63321; 12.6033
4.63655; 13.1597
4.63988; 13.7671
4.64321; 14.433
4.64655; 15.1663
4.64988; 15.9775
4.65322; 16.8802
4.65655; 17.8906
4.65989; 19.0291
4.66322; 20.3219
4.66656; 21.8027
4.66989; 23.5154
4.67322; 25.5199
4.67656; 27.8971
4.67989; 30.7621
4.68323; 34.282
4.68656; 38.7105
4.6899; 44.4508
4.69323; 52.1898
4.69657; 63.19
4.6999; 80.0635
4.70323; 109.228
4.70657; 171.808
4.7099; 402.273
4.71324; -1179
4.71657; -239.079
4.71991; -133.025
4.72324; -92.1475
4.72658; -70.486
4.72991; -57.0692
4.73324; -47.9436
4.73658; -41.3324
4.73991; -36.3229
4.74325; -32.3958
4.74658; -29.2344
4.74992; -26.6347
4.75325; -24.4593
4.75659; -22.6117
4.75992; -21.0233
4.76325; -19.6429
4.76659; -18.4323
4.76992; -17.3618
4.77326; -16.4087
4.77659; -15.5543
4.77993; -14.7841
4.78326; -14.0864
4.7866; -13.4512
4.78993; -12.8706
4.79326; -12.3378
4.7966; -11.8471
4.79993; -11.3937
4.80327; -10.9734
4.8066; -10.5828
4.80994; -10.2189
4.81327; -9.87897
4.81661; -9.56069
4.81994; -9.26208
4.82327; -8.98136
4.82661; -8.71696
4.82994; -8.4675
4.83328; -8.23178
4.83661; -8.00861
4.83995; -7.79706
4.84328; -7.59622
4.84662; -7.40531
4.84995; -7.22361
4.85328; -7.05044
4.85662; -6.88526
4.85995; -6.72747
4.86329; -6.5766
4.86662; -6.43221
4.86996; -6.29388
4.87329; -6.16124
4.87663; -6.03396
4.87996; -5.91168
4.88329; -5.79412
4.88663; -5.68103
4.88996; -5.57214
4.8933; -5.46722
4.89663; -5.36607
4.89997; -5.26847
4.9033; -5.17423
4.90664; -5.08319
4.90997; -4.99519
4.9133; -4.91007
4.91664; -4.8277
4.91997; -4.74794
4.92331; -4.67066
4.92664; -4.59575
4.92998; -4.5231
4.93331; -4.45261
4.93665; -4.38419
4.93998; -4.31773
4.94331; -4.25316
4.94665; -4.1904
4.94998; -4.12936
4.95332; -4.06999
4.95665; -4.01221
4.95999; -3.95595
4.96332; -3.90115
4.96666; -3.84776
4.96999; -3.79573
4.97332; -3.74499
4.97666; -3.69551
4.97999; -3.64724
4.98333; -3.60012
4.98666; -3.55412
4.99; -3.5092
4.99333; -3.46531
4.99667; -3.42243
5; -3.38052
