-5; 0.958924
-4.99667; 0.959865
-4.99333; 0.960795
-4.99; 0.961714
-4.98666; 0.962622
-4.98333; 0.96352
-4.97999; 0.964407
-4.97666; 0.965284
-4.97332; 0.966149
-4.96999; 0.967004
-4.96666; 0.967848
-4.96332; 0.968681
-4.95999; 0.969504
-4.95665; 0.970316
-4.95332; 0.971117
-4.94998; 0.971907
-4.94665; 0.972686
-4.94331; 0.973455
-4.93998; 0.974213
-4.93665; 0.97496
-4.93331; 0.975696
-4.92998; 0.976421
-4.92664; 0.977135
-4.92331; 0.977839
-4.91997; 0.978532
-4.91664; 0.979213
-4.9133; 0.979884
-4.90997; 0.980544
-4.90664; 0.981193
-4.9033; 0.981832
-4.89997; 0.982459
-4.89663; 0.983075
-4.8933; 0.983681
-4.88996; 0.984275
-4.88663; 0.984859
-4.88329; 0.985431
-4.87996; 0.985993
-4.87663; 0.986543
-4.87329; 0.987083
-4.86996; 0.987612
-4.86662; 0.98813
-4.86329; 0.988636
-4.85995; 0.989132
-4.85662; 0.989617
-4.85328; 0.990091
-4.84995; 0.990553
-4.84662; 0.991005
-4.84328; 0.991446
-4.83995; 0.991876
-4.83661; 0.992294
-4.83328; 0.992702
-4.82994; 0.993098
-4.82661; 0.993484
-4.82327; 0.993859
-4.81994; 0.994222
-4.81661; 0.994574
-4.81327; 0.994916
-4.80994; 0.995246
-4.8066; 0.995565
-4.80327; 0.995873
-4.79993; 0.99617
-4.7966; 0.996456
-4.79326; 0.996731
-4.78993; 0.996995
-4.7866; 0.997248
-4.78326; 0.99749
-4.77993; 0.99772
-4.77659; 0.99794
-4.77326; 0.998148
-4.76992; 0.998345
-4.76659; 0.998532
-4.76325; 0.998707
-4.75992; 0.998871
-4.75659; 0.999023
-4.75325; 0.999165
-4.74992; 0.999296
-4.74658; 0.999415
-4.74325; 0.999524
-4.73991; 0.999621
-4.73658; 0.999707
-4.73324; 0.999783
-4.72991; 0.999847
-4.72658; 0.999899
-4.72324; 0.999941
-4.71991; 0.999972
-4.71657; 0.999991
-4.71324; 1
-4.7099; 0.999997
-4.70657; 0.999983
-4.70323; 0.999958
-4.6999; 0.999922
-4.69657; 0.999875
-4.69323; 0.999816
-4.6899; 0.999747
-4.68656; 0.999667
-4.68323; 0.999575
-4.67989; 0.999472
-4.67656; 0.999358
-4.67322; 0.999233
-4.66989; 0.999097
-4.66656; 0.99895
-4.66322; 0.998792
-4.65989; 0.998622
-4.65655; 0.998442
-4.65322; 0.99825
-4.64988; 0.998047
-4.64655; 0.997833
-4.64321; 0.997608
-4.63988; 0.997372
-4.63655; 0.997125
-4.63321; 0.996867
-4.62988; 0.996598
-4.62654; 0.996317
-4.62321; 0.996026
-4.61987; 0.995723
-4.61654; 0.99541
-4.6132; 0.995085
-4.60987; 0.99475
-4.60654; 0.994403
-4.6032; 0.994045
-4.59987; 0.993676
-4.59653; 0.993296
-4.5932; 0.992905
-4.58986; 0.992503
-4.58653; 0.99209
-4.58319; 0.991666
-4.57986; 0.991231
-4.57653; 0.990785
-4.57319; 0.990328
-4.56986; 0.989859
-4.56652; 0.98938
-4.56319; 0.98889
-4.55985; 0.988389
-4.55652; 0.987877
-4.55318; 0.987354
-4.54985; 0.98682
-4.54652; 0.986275
-4.54318; 0.985718
-4.53985; 0.985151
-4.53651; 0.984574
-4.53318; 0.983985
-4.52984; 0.983385
-4.52651; 0.982774
-4.52317; 0.982152
-4.51984; 0.98152
-4.51651; 0.980876
-4.51317; 0.980222
-4.50984; 0.979556
-4.5065; 0.97888
-4.50317; 0.978193
-4.49983; 0.977495
-4.4965; 0.976786
-4.49316; 0.976066
-4.48983; 0.975336
-4.4865; 0.974594
-4.48316; 0.973842
-4.47983; 0.973079
-4.47649; 0.972305
-4.47316; 0.97152
-4.46982; 0.970725
-4.46649; 0.969919
-4.46315; 0.969101
-4.45982; 0.968274
-4.45649; 0.967435
-4.45315; 0.966586
-4.44982; 0.965726
-4.44648; 0.964855
-4.44315; 0.963973
-4.43981; 0.963081
-4.43648; 0.962178
-4.43314; 0.961264
-4.42981; 0.96034
-4.42648; 0.959404
-4.42314; 0.958459
-4.41981; 0.957502
-4.41647; 0.956535
-4.41314; 0.955558
-4.4098; 0.954569
-4.40647; 0.95357
-4.40313; 0.952561
-4.3998; 0.951541
-4.39647; 0.95051
-4.39313; 0.949469
-4.3898; 0.948417
-4.38646; 0.947354
-4.38313; 0.946281
-4.37979; 0.945198
-4.37646; 0.944104
-4.37312; 0.943
-4.36979; 0.941885
-4.36646; 0.940759
-4.36312; 0.939623
-4.35979; 0.938477
-4.35645; 0.93732
-4.35312; 0.936153
-4.34978; 0.934976
-4.34645; 0.933788
-4.34311; 0.932589
-4.33978; 0.931381
-4.33645; 0.930162
-4.33311; 0.928932
-4.32978; 0.927693
-4.32644; 0.926442
-4.32311; 0.925182
-4.31977; 0.923911
-4.31644; 0.92263
-4.3131; 0.921339
-4.30977; 0.920038
-4.30644; 0.918726
-4.3031; 0.917404
-4.29977; 0.916072
-4.29643; 0.91473
-4.2931; 0.913378
-4.28976; 0.912015
-4.28643; 0.910642
-4.28309; 0.90926
-4.27976; 0.907867
-4.27643; 0.906464
-4.27309; 0.90505
-4.26976; 0.903627
-4.26642; 0.902194
-4.26309; 0.900751
-4.25975; 0.899297
-4.25642; 0.897834
-4.25308; 0.896361
-4.24975; 0.894878
-4.24642; 0.893385
-4.24308; 0.891882
-4.23975; 0.890368
-4.23641; 0.888846
-4.23308; 0.887313
-4.22974; 0.88577
-4.22641; 0.884218
-4.22307; 0.882655
-4.21974; 0.881083
-4.21641; 0.879501
-4.21307; 0.877909
-4.20974; 0.876308
-4.2064; 0.874697
-4.20307; 0.873076
-4.19973; 0.871445
-4.1964; 0.869805
-4.19306; 0.868154
-4.18973; 0.866495
-4.1864; 0.864826
-4.18306; 0.863147
-4.17973; 0.861458
-4.17639; 0.85976
-4.17306; 0.858052
-4.16972; 0.856335
-4.16639; 0.854608
-4.16305; 0.852872
-4.15972; 0.851126
-4.15639; 0.849371
-4.15305; 0.847606
-4.14972; 0.845832
-4.14638; 0.844049
-4.14305; 0.842256
-4.13971; 0.840454
-4.13638; 0.838642
-4.13304; 0.836822
-4.12971; 0.834991
-4.12638; 0.833152
-4.12304; 0.831303
-4.11971; 0.829445
-4.11637; 0.827578
-4.11304; 0.825702
-4.1097; 0.823816
-4.10637; 0.821922
-4.10303; 0.820018
-4.0997; 0.818105
-4.09637; 0.816182
-4.09303; 0.814251
-4.0897; 0.812311
-4.08636; 0.810362
-4.08303; 0.808404
-4.07969; 0.806436
-4.07636; 0.80446
-4.07302; 0.802475
-4.06969; 0.800481
-4.06636; 0.798478
-4.06302; 0.796466
-4.05969; 0.794446
-4.05635; 0.792416
-4.05302; 0.790377
-4.04968; 0.78833
-4.04635; 0.786275
-4.04301; 0.78421
-4.03968; 0.782137
-4.03635; 0.780054
-4.03301; 0.777964
-4.02968; 0.775864
-4.02634; 0.773756
-4.02301; 0.77164
-4.01967; 0.769515
-4.01634; 0.767381
-4.013; 0.765238
-4.00967; 0.763088
-4.00634; 0.760928
-4.003; 0.758761
-3.99967; 0.756585
-3.99633; 0.7544
-3.993; 0.752207
-3.98966; 0.750006
-3.98633; 0.747796
-3.98299; 0.745578
-3.97966; 0.743352
-3.97633; 0.741117
-3.97299; 0.738874
-3.96966; 0.736623
-3.96632; 0.734364
-3.96299; 0.732097
-3.95965; 0.729821
-3.95632; 0.727538
-3.95298; 0.725246
-3.94965; 0.722946
-3.94632; 0.720639
-3.94298; 0.718323
-3.93965; 0.715999
-3.93631; 0.713667
-3.93298; 0.711327
-3.92964; 0.70898
-3.92631; 0.706624
-3.92297; 0.704261
-3.91964; 0.70189
-3.91631; 0.699511
-3.91297; 0.697124
-3.90964; 0.69473
-3.9063; 0.692327
-3.90297; 0.689917
-3.89963; 0.6875
-3.8963; 0.685075
-3.89296; 0.682642
-3.88963; 0.680201
-3.8863; 0.677753
-3.88296; 0.675298
-3.87963; 0.672835
-3.87629; 0.670364
-3.87296; 0.667886
-3.86962; 0.665401
-3.86629; 0.662908
-3.86295; 0.660408
-3.85962; 0.6579
-3.85629; 0.655385
-3.85295; 0.652863
-3.84962; 0.650334
-3.84628; 0.647797
-3.84295; 0.645253
-3.83961; 0.642702
-3.83628; 0.640144
-3.83294; 0.637579
-3.82961; 0.635007
-3.82628; 0.632427
-3.82294; 0.629841
-3.81961; 0.627247
-3.81627; 0.624647
-3.81294; 0.62204
-3.8096; 0.619425
-3.80627; 0.616804
-3.80293; 0.614176
-3.7996; 0.611541
-3.79627; 0.6089
-3.79293; 0.606251
-3.7896; 0.603596
-3.78626; 0.600934
-3.78293; 0.598266
-3.77959; 0.59559
-3.77626; 0.592909
-3.77292; 0.59022
-3.76959; 0.587525
-3.76626; 0.584824
-3.76292; 0.582116
-3.75959; 0.579401
-3.75625; 0.57668
-3.75292; 0.573953
-3.74958; 0.571219
-3.74625; 0.568479
-3.74291; 0.565733
-3.73958; 0.56298
-3.73625; 0.560221
-3.73291; 0.557456
-3.72958; 0.554685
-3.72624; 0.551907
-3.72291; 0.549123
-3.71957; 0.546334
-3.71624; 0.543538
-3.7129; 0.540736
-3.70957; 0.537928
-3.70624; 0.535114
-3.7029; 0.532294
-3.69957; 0.529468
-3.69623; 0.526637
-3.6929; 0.523799
-3.68956; 0.520956
-3.68623; 0.518107
-3.68289; 0.515252
-3.67956; 0.512391
-3.67623; 0.509525
-3.67289; 0.506653
-3.66956; 0.503776
-3.66622; 0.500892
-3.66289; 0.498003
-3.65955; 0.495109
-3.65622; 0.492209
-3.65288; 0.489304
-3.64955; 0.486393
-3.64622; 0.483477
-3.64288; 0.480556
-3.63955; 0.477629
-3.63621; 0.474697
-3.63288; 0.471759
-3.62954; 0.468817
-3.62621; 0.465869
-3.62287; 0.462916
-3.61954; 0.459957
-3.61621; 0.456994
-3.61287; 0.454026
-3.60954; 0.451052
-3.6062; 0.448074
-3.60287; 0.44509
-3.59953; 0.442102
-3.5962; 0.439108
-3.59286; 0.43611
-3.58953; 0.433107
-3.5862; 0.430099
-3.58286; 0.427087
-3.57953; 0.424069
-3.57619; 0.421047
-3.57286; 0.41802
-3.56952; 0.414989
-3.56619; 0.411953
-3.56285; 0.408912
-3.55952; 0.405867
-3.55619; 0.402817
-3.55285; 0.399763
-3.54952; 0.396704
-3.54618; 0.393641
-3.54285; 0.390574
-3.53951; 0.387502
-3.53618; 0.384426
-3.53284; 0.381346
-3.52951; 0.378261
-3.52618; 0.375172
-3.52284; 0.372079
-3.51951; 0.368982
-3.51617; 0.365881
-3.51284; 0.362776
-3.5095; 0.359667
-3.50617; 0.356553
-3.50283; 0.353436
-3.4995; 0.350315
-3.49617; 0.34719
-3.49283; 0.344061
-3.4895; 0.340928
-3.48616; 0.337792
-3.48283; 0.334651
-3.47949; 0.331507
-3.47616; 0.328359
-3.47282; 0.325208
-3.46949; 0.322053
-3.46616; 0.318895
-3.46282; 0.315732
-3.45949; 0.312567
-3.45615; 0.309398
-3.45282; 0.306225
-3.44948; 0.303049
-3.44615; 0.29987
-3.44281; 0.296687
-3.43948; 0.293501
-3.43615; 0.290312
-3.43281; 0.28712
-3.42948; 0.283924
-3.42614; 0.280725
-3.42281; 0.277523
-3.41947; 0.274318
-3.41614; 0.27111
-3.4128; 0.267899
-3.40947; 0.264685
-3.40614; 0.261468
-3.4028; 0.258248
-3.39947; 0.255025
-3.39613; 0.2518
-3.3928; 0.248571
-3.38946; 0.24534
-3.38613; 0.242106
-3.38279; 0.23887
-3.37946; 0.23563
-3.37613; 0.232388
-3.37279; 0.229144
-3.36946; 0.225897
-3.36612; 0.222648
-3.36279; 0.219396
-3.35945; 0.216141
-3.35612; 0.212884
-3.35278; 0.209625
-3.34945; 0.206364
-3.34612; 0.2031
-3.34278; 0.199834
-3.33945; 0.196566
-3.33611; 0.193295
-3.33278; 0.190023
-3.32944; 0.186748
-3.32611; 0.183471
-3.32277; 0.180192
-3.31944; 0.176911
-3.31611; 0.173628
-3.31277; 0.170344
-3.30944; 0.167057
-3.3061; 0.163768
-3.30277; 0.160478
-3.29943; 0.157186
-3.2961; 0.153892
-3.29276; 0.150596
-3.28943; 0.147299
-3.2861; 0.144
-3.28276; 0.1407
-3.27943; 0.137398
-3.27609; 0.134094
-3.27276; 0.130789
-3.26942; 0.127483
-3.26609; 0.124175
-3.26275; 0.120865
-3.25942; 0.117555
-3.25609; 0.114243
-3.25275; 0.110929
-3.24942; 0.107615
-3.24608; 0.104299
-3.24275; 0.100982
-3.23941; 0.0976647
-3.23608; 0.0943456
-3.23274; 0.0910254
-3.22941; 0.0877044
-3.22608; 0.0843823
-3.22274; 0.0810592
-3.21941; 0.0777354
-3.21607; 0.0744106
-3.21274; 0.0710849
-3.2094; 0.0677587
-3.20607; 0.0644314
-3.20273; 0.0611035
-3.1994; 0.0577751
-3.19607; 0.0544458
-3.19273; 0.051116
-3.1894; 0.0477858
-3.18606; 0.0444548
-3.18273; 0.0411233
-3.17939; 0.0377916
-3.17606; 0.0344593
-3.17272; 0.0311266
-3.16939; 0.0277937
-3.16606; 0.0244603
-3.16272; 0.0211267
-3.15939; 0.017793
-3.15605; 0.014459
-3.15272; 0.0111247
-3.14938; 0.00779034
-3.14605; 0.00445612
-3.14271; 0.00112161
-3.13938; -0.00221291
-3.13605; -0.00554717
-3.13271; -0.0088816
-3.12938; -0.0122159
-3.12604; -0.0155499
-3.12271; -0.0188839
-3.11937; -0.0222177
-3.11604; -0.0255511
-3.1127; -0.0288844
-3.10937; -0.0322173
-3.10604; -0.0355497
-3.1027; -0.0388819
-3.09937; -0.0422137
-3.09603; -0.0455448
-3.0927; -0.0488756
-3.08936; -0.0522058
-3.08603; -0.0555353
-3.08269; -0.0588643
-3.07936; -0.0621927
-3.07603; -0.0655202
-3.07269; -0.0688472
-3.06936; -0.0721734
-3.06602; -0.0754986
-3.06269; -0.0788232
-3.05935; -0.0821469
-3.05602; -0.0854694
-3.05268; -0.0887913
-3.04935; -0.0921121
-3.04602; -0.0954317
-3.04268; -0.0987505
-3.03935; -0.102068
-3.03601; -0.105384
-3.03268; -0.1087
-3.02934; -0.112014
-3.02601; -0.115327
-3.02267; -0.118638
-3.01934; -0.121949
-3.01601; -0.125258
-3.01267; -0.128565
-3.00934; -0.131871
-3.006; -0.135176
-3.00267; -0.138479
-2.99933; -0.14178
-2.996; -0.14508
-2.99266; -0.148378
-2.98933; -0.151675
-2.986; -0.15497
-2.98266; -0.158263
-2.97933; -0.161555
-2.97599; -0.164845
-2.97266; -0.168133
-2.96932; -0.171419
-2.96599; -0.174703
-2.96265; -0.177985
-2.95932; -0.181265
-2.95599; -0.184543
-2.95265; -0.187819
-2.94932; -0.191094
-2.94598; -0.194366
-2.94265; -0.197635
-2.93931; -0.200903
-2.93598; -0.204168
-2.93264; -0.207431
-2.92931; -0.210692
-2.92598; -0.21395
-2.92264; -0.217206
-2.91931; -0.22046
-2.91597; -0.223711
-2.91264; -0.22696
-2.9093; -0.230206
-2.90597; -0.23345
-2.90263; -0.236691
-2.8993; -0.239929
-2.89597; -0.243165
-2.89263; -0.246398
-2.8893; -0.249628
-2.88596; -0.252856
-2.88263; -0.25608
-2.87929; -0.259302
-2.87596; -0.262521
-2.87262; -0.265737
-2.86929; -0.26895
-2.86596; -0.27216
-2.86262; -0.275367
-2.85929; -0.278571
-2.85595; -0.281772
-2.85262; -0.28497
-2.84928; -0.288164
-2.84595; -0.291356
-2.84261; -0.294544
-2.83928; -0.297729
-2.83595; -0.300911
-2.83261; -0.304089
-2.82928; -0.307263
-2.82594; -0.310435
-2.82261; -0.313603
-2.81927; -0.316767
-2.81594; -0.319928
-2.8126; -0.323086
-2.80927; -0.32624
-2.80594; -0.32939
-2.8026; -0.332536
-2.79927; -0.335679
-2.79593; -0.338818
-2.7926; -0.341954
-2.78926; -0.345085
-2.78593; -0.348213
-2.78259; -0.351337
-2.77926; -0.354456
-2.77593; -0.357573
-2.77259; -0.360685
-2.76926; -0.363792
-2.76592; -0.366896
-2.76259; -0.369996
-2.75925; -0.373092
-2.75592; -0.376184
-2.75258; -0.379271
-2.74925; -0.382354
-2.74592; -0.385433
-2.74258; -0.388508
-2.73925; -0.391578
-2.73591; -0.394644
-2.73258; -0.397706
-2.72924; -0.400763
-2.72591; -0.403816
-2.72257; -0.406864
-2.71924; -0.409908
-2.71591; -0.412947
-2.71257; -0.415981
-2.70924; -0.419011
-2.7059; -0.422037
-2.70257; -0.425057
-2.69923; -0.428073
-2.6959; -0.431084
-2.69256; -0.43409
-2.68923; -0.437092
-2.6859; -0.440088
-2.68256; -0.44308
-2.67923; -0.446067
-2.67589; -0.449049
-2.67256; -0.452026
-2.66922; -0.454998
-2.66589; -0.457964
-2.66255; -0.460926
-2.65922; -0.463883
-2.65589; -0.466834
-2.65255; -0.46978
-2.64922; -0.472721
-2.64588; -0.475657
-2.64255; -0.478587
-2.63921; -0.481512
-2.63588; -0.484432
-2.63254; -0.487347
-2.62921; -0.490256
-2.62588; -0.493159
-2.62254; -0.496057
-2.61921; -0.49895
-2.61587; -0.501836
-2.61254; -0.504718
-2.6092; -0.507594
-2.60587; -0.510464
-2.60253; -0.513328
-2.5992; -0.516187
-2.59587; -0.51904
-2.59253; -0.521887
-2.5892; -0.524729
-2.58586; -0.527564
-2.58253; -0.530394
-2.57919; -0.533218
-2.57586; -0.536036
-2.57252; -0.538848
-2.56919; -0.541654
-2.56586; -0.544454
-2.56252; -0.547247
-2.55919; -0.550035
-2.55585; -0.552817
-2.55252; -0.555592
-2.54918; -0.558362
-2.54585; -0.561125
-2.54251; -0.563882
-2.53918; -0.566632
-2.53585; -0.569377
-2.53251; -0.572115
-2.52918; -0.574846
-2.52584; -0.577572
-2.52251; -0.58029
-2.51917; -0.583003
-2.51584; -0.585709
-2.5125; -0.588408
-2.50917; -0.591101
-2.50584; -0.593787
-2.5025; -0.596467
-2.49917; -0.59914
-2.49583; -0.601806
-2.4925; -0.604466
-2.48916; -0.607119
-2.48583; -0.609765
-2.48249; -0.612404
-2.47916; -0.615037
-2.47583; -0.617663
-2.47249; -0.620282
-2.46916; -0.622894
-2.46582; -0.625499
-2.46249; -0.628097
-2.45915; -0.630688
-2.45582; -0.633272
-2.45248; -0.635849
-2.44915; -0.638419
-2.44582; -0.640982
-2.44248; -0.643538
-2.43915; -0.646087
-2.43581; -0.648628
-2.43248; -0.651163
-2.42914; -0.653689
-2.42581; -0.656209
-2.42247; -0.658722
-2.41914; -0.661227
-2.41581; -0.663725
-2.41247; -0.666215
-2.40914; -0.668698
-2.4058; -0.671174
-2.40247; -0.673642
-2.39913; -0.676102
-2.3958; -0.678555
-2.39246; -0.681001
-2.38913; -0.683439
-2.3858; -0.685869
-2.38246; -0.688292
-2.37913; -0.690707
-2.37579; -0.693114
-2.37246; -0.695514
-2.36912; -0.697906
-2.36579; -0.70029
-2.36245; -0.702667
-2.35912; -0.705035
-2.35579; -0.707396
-2.35245; -0.709749
-2.34912; -0.712094
-2.34578; -0.714431
-2.34245; -0.71676
-2.33911; -0.719081
-2.33578; -0.721395
-2.33244; -0.7237
-2.32911; -0.725997
-2.32578; -0.728286
-2.32244; -0.730567
-2.31911; -0.73284
-2.31577; -0.735104
-2.31244; -0.737361
-2.3091; -0.739609
-2.30577; -0.741849
-2.30243; -0.744081
-2.2991; -0.746305
-2.29577; -0.74852
-2.29243; -0.750727
-2.2891; -0.752926
-2.28576; -0.755116
-2.28243; -0.757298
-2.27909; -0.759471
-2.27576; -0.761636
-2.27242; -0.763792
-2.26909; -0.765941
-2.26576; -0.76808
-2.26242; -0.770211
-2.25909; -0.772333
-2.25575; -0.774447
-2.25242; -0.776552
-2.24908; -0.778649
-2.24575; -0.780737
-2.24241; -0.782816
-2.23908; -0.784887
-2.23575; -0.786948
-2.23241; -0.789001
-2.22908; -0.791046
-2.22574; -0.793081
-2.22241; -0.795108
-2.21907; -0.797126
-2.21574; -0.799134
-2.2124; -0.801134
-2.20907; -0.803126
-2.20574; -0.805108
-2.2024; -0.807081
-2.19907; -0.809045
-2.19573; -0.811001
-2.1924; -0.812947
-2.18906; -0.814884
-2.18573; -0.816813
-2.18239; -0.818732
-2.17906; -0.820642
-2.17573; -0.822542
-2.17239; -0.824434
-2.16906; -0.826317
-2.16572; -0.82819
-2.16239; -0.830054
-2.15905; -0.831909
-2.15572; -0.833755
-2.15238; -0.835591
-2.14905; -0.837418
-2.14572; -0.839236
-2.14238; -0.841045
-2.13905; -0.842844
-2.13571; -0.844634
-2.13238; -0.846414
-2.12904; -0.848185
-2.12571; -0.849947
-2.12237; -0.851699
-2.11904; -0.853441
-2.11571; -0.855174
-2.11237; -0.856898
-2.10904; -0.858612
-2.1057; -0.860317
-2.10237; -0.862012
-2.09903; -0.863697
-2.0957; -0.865373
-2.09236; -0.867039
-2.08903; -0.868696
-2.0857; -0.870342
-2.08236; -0.87198
-2.07903; -0.873607
-2.07569; -0.875225
-2.07236; -0.876833
-2.06902; -0.878431
-2.06569; -0.88002
-2.06235; -0.881599
-2.05902; -0.883168
-2.05569; -0.884727
-2.05235; -0.886276
-2.04902; -0.887815
-2.04568; -0.889345
-2.04235; -0.890865
-2.03901; -0.892374
-2.03568; -0.893874
-2.03234; -0.895364
-2.02901; -0.896844
-2.02568; -0.898314
-2.02234; -0.899774
-2.01901; -0.901224
-2.01567; -0.902664
-2.01234; -0.904094
-2.009; -0.905514
-2.00567; -0.906924
-2.00233; -0.908324
-1.999; -0.909713
-1.99567; -0.911093
-1.99233; -0.912462
-1.989; -0.913821
-1.98566; -0.91517
-1.98233; -0.916509
-1.97899; -0.917838
-1.97566; -0.919157
-1.97232; -0.920465
-1.96899; -0.921763
-1.96566; -0.923051
-1.96232; -0.924328
-1.95899; -0.925596
-1.95565; -0.926853
-1.95232; -0.928099
-1.94898; -0.929336
-1.94565; -0.930562
-1.94231; -0.931777
-1.93898; -0.932983
-1.93565; -0.934178
-1.93231; -0.935362
-1.92898; -0.936536
-1.92564; -0.9377
-1.92231; -0.938854
-1.91897; -0.939996
-1.91564; -0.941129
-1.9123; -0.942251
-1.90897; -0.943362
-1.90564; -0.944463
-1.9023; -0.945554
-1.89897; -0.946634
-1.89563; -0.947703
-1.8923; -0.948762
-1.88896; -0.949811
-1.88563; -0.950848
-1.88229; -0.951876
-1.87896; -0.952892
-1.87563; -0.953898
-1.87229; -0.954894
-1.86896; -0.955879
-1.86562; -0.956853
-1.86229; -0.957816
-1.85895; -0.958769
-1.85562; -0.959712
-1.85228; -0.960643
-1.84895; -0.961564
-1.84562; -0.962474
-1.84228; -0.963374
-1.83895; -0.964263
-1.83561; -0.965141
-1.83228; -0.966008
-1.82894; -0.966865
-1.82561; -0.967711
-1.82227; -0.968546
-1.81894; -0.96937
-1.81561; -0.970184
-1.81227; -0.970986
-1.80894; -0.971778
-1.8056; -0.97256
-1.80227; -0.97333
-1.79893; -0.97409
-1.7956; -0.974838
-1.79226; -0.975576
-1.78893; -0.976303
-1.7856; -0.977019
-1.78226; -0.977725
-1.77893; -0.978419
-1.77559; -0.979103
-1.77226; -0.979775
-1.76892; -0.980437
-1.76559; -0.981088
-1.76225; -0.981728
-1.75892; -0.982357
-1.75559; -0.982975
-1.75225; -0.983582
-1.74892; -0.984179
-1.74558; -0.984764
-1.74225; -0.985338
-1.73891; -0.985902
-1.73558; -0.986454
-1.73224; -0.986996
-1.72891; -0.987526
-1.72558; -0.988046
-1.72224; -0.988554
-1.71891; -0.989052
-1.71557; -0.989538
-1.71224; -0.990014
-1.7089; -0.990478
-1.70557; -0.990932
-1.70223; -0.991374
-1.6989; -0.991806
-1.69557; -0.992226
-1.69223; -0.992636
-1.6889; -0.993034
-1.68556; -0.993422
-1.68223; -0.993798
-1.67889; -0.994163
-1.67556; -0.994517
-1.67222; -0.994861
-1.66889; -0.995193
-1.66556; -0.995514
-1.66222; -0.995824
-1.65889; -0.996123
-1.65555; -0.99641
-1.65222; -0.996687
-1.64888; -0.996953
-1.64555; -0.997207
-1.64221; -0.997451
-1.63888; -0.997683
-1.63555; -0.997905
-1.63221; -0.998115
-1.62888; -0.998314
-1.62554; -0.998502
-1.62221; -0.998679
-1.61887; -0.998845
-1.61554; -0.998999
-1.6122; -0.999143
-1.60887; -0.999275
-1.60554; -0.999397
-1.6022; -0.999507
-1.59887; -0.999606
-1.59553; -0.999694
-1.5922; -0.999771
-1.58886; -0.999837
-1.58553; -0.999891
-1.58219; -0.999935
-1.57886; -0.999968
-1.57553; -0.999989
-1.57219; -0.999999
-1.56886; -0.999998
-1.56552; -0.999986
-1.56219; -0.999963
-1.55885; -0.999929
-1.55552; -0.999883
-1.55218; -0.999827
-1.54885; -0.999759
-1.54552; -0.99968
-1.54218; -0.999591
-1.53885; -0.99949
-1.53551; -0.999378
-1.53218; -0.999254
-1.52884; -0.99912
-1.52551; -0.998975
-1.52217; -0.998818
-1.51884; -0.998651
-1.51551; -0.998472
-1.51217; -0.998282
-1.50884; -0.998081
-1.5055; -0.997869
-1.50217; -0.997646
-1.49883; -0.997412
-1.4955; -0.997166
-1.49216; -0.99691
-1.48883; -0.996643
-1.4855; -0.996364
-1.48216; -0.996074
-1.47883; -0.995774
-1.47549; -0.995462
-1.47216; -0.995139
-1.46882; -0.994805
-1.46549; -0.99446
-1.46215; -0.994104
-1.45882; -0.993737
-1.45549; -0.993359
-1.45215; -0.99297
-1.44882; -0.99257
-1.44548; -0.992158
-1.44215; -0.991736
-1.43881; -0.991303
-1.43548; -0.990859
-1.43214; -0.990403
-1.42881; -0.989937
-1.42548; -0.989459
-1.42214; -0.988971
-1.41881; -0.988472
-1.41547; -0.987961
-1.41214; -0.98744
-1.4088; -0.986908
-1.40547; -0.986364
-1.40213; -0.98581
-1.3988; -0.985245
-1.39547; -0.984669
-1.39213; -0.984082
-1.3888; -0.983484
-1.38546; -0.982875
-1.38213; -0.982255
-1.37879; -0.981624
-1.37546; -0.980982
-1.37212; -0.98033
-1.36879; -0.979666
-1.36546; -0.978992
-1.36212; -0.978306
-1.35879; -0.97761
-1.35545; -0.976903
-1.35212; -0.976185
-1.34878; -0.975456
-1.34545; -0.974716
-1.34211; -0.973966
-1.33878; -0.973205
-1.33545; -0.972433
-1.33211; -0.97165
-1.32878; -0.970856
-1.32544; -0.970051
-1.32211; -0.969236
-1.31877; -0.96841
-1.31544; -0.967573
-1.3121; -0.966725
-1.30877; -0.965867
-1.30544; -0.964998
-1.3021; -0.964118
-1.29877; -0.963228
-1.29543; -0.962326
-1.2921; -0.961414
-1.28876; -0.960492
-1.28543; -0.959558
-1.28209; -0.958614
-1.27876; -0.95766
-1.27543; -0.956694
-1.27209; -0.955718
-1.26876; -0.954732
-1.26542; -0.953734
-1.26209; -0.952727
-1.25875; -0.951708
-1.25542; -0.950679
-1.25208; -0.94964
-1.24875; -0.94859
-1.24542; -0.947529
-1.24208; -0.946458
-1.23875; -0.945376
-1.23541; -0.944284
-1.23208; -0.943181
-1.22874; -0.942068
-1.22541; -0.940944
-1.22207; -0.93981
-1.21874; -0.938666
-1.21541; -0.93751
-1.21207; -0.936345
-1.20874; -0.935169
-1.2054; -0.933983
-1.20207; -0.932786
-1.19873; -0.931579
-1.1954; -0.930362
-1.19206; -0.929134
-1.18873; -0.927896
-1.1854; -0.926648
-1.18206; -0.925389
-1.17873; -0.92412
-1.17539; -0.922841
-1.17206; -0.921551
-1.16872; -0.920252
-1.16539; -0.918942
-1.16205; -0.917621
-1.15872; -0.916291
-1.15539; -0.91495
-1.15205; -0.9136
-1.14872; -0.912239
-1.14538; -0.910868
-1.14205; -0.909487
-1.13871; -0.908095
-1.13538; -0.906694
-1.13204; -0.905282
-1.12871; -0.903861
-1.12538; -0.902429
-1.12204; -0.900988
-1.11871; -0.899536
-1.11537; -0.898074
-1.11204; -0.896603
-1.1087; -0.895121
-1.10537; -0.89363
-1.10203; -0.892128
-1.0987; -0.890617
-1.09537; -0.889095
-1.09203; -0.887564
-1.0887; -0.886023
-1.08536; -0.884472
-1.08203; -0.882912
-1.07869; -0.881341
-1.07536; -0.879761
-1.07202; -0.87817
-1.06869; -0.876571
-1.06536; -0.874961
-1.06202; -0.873342
-1.05869; -0.871713
-1.05535; -0.870074
-1.05202; -0.868425
-1.04868; -0.866767
-1.04535; -0.865099
-1.04201; -0.863422
-1.03868; -0.861735
-1.03535; -0.860039
-1.03201; -0.858332
-1.02868; -0.856617
-1.02534; -0.854892
-1.02201; -0.853157
-1.01867; -0.851413
-1.01534; -0.849659
-1.012; -0.847896
-1.00867; -0.846124
-1.00534; -0.844342
-1.002; -0.84255
-0.998666; -0.84075
-0.995332; -0.83894
-0.991997; -0.83712
-0.988663; -0.835292
-0.985329; -0.833454
-0.981994; -0.831606
-0.97866; -0.82975
-0.975325; -0.827884
-0.971991; -0.826009
-0.968656; -0.824125
-0.965322; -0.822232
-0.961987; -0.82033
-0.958653; -0.818418
-0.955319; -0.816498
-0.951984; -0.814568
-0.94865; -0.812629
-0.945315; -0.810682
-0.941981; -0.808725
-0.938646; -0.806759
-0.935312; -0.804784
-0.931977; -0.802801
-0.928643; -0.800808
-0.925309; -0.798806
-0.921974; -0.796796
-0.91864; -0.794777
-0.915305; -0.792749
-0.911971; -0.790712
-0.908636; -0.788666
-0.905302; -0.786612
-0.901967; -0.784548
-0.898633; -0.782476
-0.895299; -0.780396
-0.891964; -0.778307
-0.88863; -0.776209
-0.885295; -0.774102
-0.881961; -0.771987
-0.878626; -0.769863
-0.875292; -0.767731
-0.871957; -0.76559
-0.868623; -0.76344
-0.865289; -0.761282
-0.861954; -0.759116
-0.85862; -0.756941
-0.855285; -0.754758
-0.851951; -0.752567
-0.848616; -0.750367
-0.845282; -0.748158
-0.841947; -0.745942
-0.838613; -0.743717
-0.835279; -0.741484
-0.831944; -0.739242
-0.82861; -0.736992
-0.825275; -0.734735
-0.821941; -0.732469
-0.818606; -0.730194
-0.815272; -0.727912
-0.811937; -0.725622
-0.808603; -0.723323
-0.805269; -0.721017
-0.801934; -0.718702
-0.7986; -0.71638
-0.795265; -0.714049
-0.791931; -0.711711
-0.788596; -0.709365
-0.785262; -0.70701
-0.781927; -0.704648
-0.778593; -0.702278
-0.775259; -0.699901
-0.771924; -0.697515
-0.76859; -0.695122
-0.765255; -0.692721
-0.761921; -0.690312
-0.758586; -0.687896
-0.755252; -0.685472
-0.751917; -0.68304
-0.748583; -0.680601
-0.745249; -0.678155
-0.741914; -0.6757
-0.73858; -0.673238
-0.735245; -0.670769
-0.731911; -0.668292
-0.728576; -0.665808
-0.725242; -0.663316
-0.721907; -0.660818
-0.718573; -0.658311
-0.715239; -0.655798
-0.711904; -0.653277
-0.70857; -0.650748
-0.705235; -0.648213
-0.701901; -0.64567
-0.698566; -0.64312
-0.695232; -0.640563
-0.691897; -0.637999
-0.688563; -0.635428
-0.685229; -0.63285
-0.681894; -0.630265
-0.67856; -0.627672
-0.675225; -0.625073
-0.671891; -0.622467
-0.668556; -0.619854
-0.665222; -0.617234
-0.661887; -0.614607
-0.658553; -0.611973
-0.655219; -0.609333
-0.651884; -0.606685
-0.64855; -0.604031
-0.645215; -0.60137
-0.641881; -0.598703
-0.638546; -0.596029
-0.635212; -0.593348
-0.631877; -0.590661
-0.628543; -0.587967
-0.625209; -0.585266
-0.621874; -0.582559
-0.61854; -0.579846
-0.615205; -0.577126
-0.611871; -0.5744
-0.608536; -0.571667
-0.605202; -0.568928
-0.601867; -0.566183
-0.598533; -0.563431
-0.595199; -0.560673
-0.591864; -0.557909
-0.58853; -0.555139
-0.585195; -0.552362
-0.581861; -0.549579
-0.578526; -0.546791
-0.575192; -0.543996
-0.571857; -0.541195
-0.568523; -0.538388
-0.565189; -0.535575
-0.561854; -0.532756
-0.55852; -0.529931
-0.555185; -0.527101
-0.551851; -0.524264
-0.548516; -0.521422
-0.545182; -0.518574
-0.541847; -0.51572
-0.538513; -0.51286
-0.535179; -0.509995
-0.531844; -0.507124
-0.52851; -0.504247
-0.525175; -0.501365
-0.521841; -0.498477
-0.518506; -0.495583
-0.515172; -0.492684
-0.511837; -0.48978
-0.508503; -0.48687
-0.505168; -0.483955
-0.501834; -0.481034
-0.4985; -0.478108
-0.495165; -0.475177
-0.491831; -0.47224
-0.488496; -0.469299
-0.485162; -0.466352
-0.481827; -0.463399
-0.478493; -0.460442
-0.475159; -0.457479
-0.471824; -0.454512
-0.46849; -0.451539
-0.465155; -0.448561
-0.461821; -0.445579
-0.458486; -0.442591
-0.455152; -0.439599
-0.451817; -0.436601
-0.448483; -0.433599
-0.445149; -0.430592
-0.441814; -0.42758
-0.43848; -0.424563
-0.435145; -0.421542
-0.431811; -0.418516
-0.428476; -0.415485
-0.425142; -0.41245
-0.421807; -0.40941
-0.418473; -0.406366
-0.415139; -0.403317
-0.411804; -0.400263
-0.40847; -0.397205
-0.405135; -0.394143
-0.401801; -0.391076
-0.398466; -0.388005
-0.395132; -0.38493
-0.391797; -0.38185
-0.388463; -0.378766
-0.385129; -0.375678
-0.381794; -0.372586
-0.37846; -0.36949
-0.375125; -0.366389
-0.371791; -0.363284
-0.368456; -0.360176
-0.365122; -0.357063
-0.361787; -0.353947
-0.358453; -0.350826
-0.355119; -0.347701
-0.351784; -0.344573
-0.34845; -0.341441
-0.345115; -0.338305
-0.341781; -0.335165
-0.338446; -0.332022
-0.335112; -0.328875
-0.331777; -0.325724
-0.328443; -0.32257
-0.325108; -0.319412
-0.321774; -0.31625
-0.31844; -0.313085
-0.315105; -0.309916
-0.311771; -0.306744
-0.308436; -0.303569
-0.305102; -0.30039
-0.301767; -0.297208
-0.298433; -0.294023
-0.295099; -0.290834
-0.291764; -0.287642
-0.28843; -0.284447
-0.285095; -0.281249
-0.281761; -0.278047
-0.278426; -0.274843
-0.275092; -0.271635
-0.271757; -0.268425
-0.268423; -0.265211
-0.265088; -0.261995
-0.261754; -0.258775
-0.25842; -0.255553
-0.255085; -0.252328
-0.251751; -0.2491
-0.248416; -0.245869
-0.245082; -0.242636
-0.241747; -0.2394
-0.238413; -0.236161
-0.235078; -0.232919
-0.231744; -0.229675
-0.22841; -0.226429
-0.225075; -0.22318
-0.221741; -0.219928
-0.218406; -0.216674
-0.215072; -0.213418
-0.211737; -0.210159
-0.208403; -0.206898
-0.205068; -0.203634
-0.201734; -0.200369
-0.1984; -0.197101
-0.195065; -0.19383
-0.191731; -0.190558
-0.188396; -0.187284
-0.185062; -0.184007
-0.181727; -0.180729
-0.178393; -0.177448
-0.175058; -0.174166
-0.171724; -0.170881
-0.16839; -0.167595
-0.165055; -0.164307
-0.161721; -0.161017
-0.158386; -0.157725
-0.155052; -0.154431
-0.151717; -0.151136
-0.148383; -0.147839
-0.145048; -0.14454
-0.141714; -0.14124
-0.13838; -0.137938
-0.135045; -0.134635
-0.131711; -0.13133
-0.128376; -0.128024
-0.125042; -0.124716
-0.121707; -0.121407
-0.118373; -0.118097
-0.115038; -0.114785
-0.111704; -0.111472
-0.10837; -0.108158
-0.105035; -0.104842
-0.101701; -0.101525
-0.0983663; -0.0982077
-0.0950318; -0.0948889
-0.0916974; -0.0915689
-0.0883629; -0.088248
-0.0850285; -0.0849261
-0.081694; -0.0816032
-0.0783596; -0.0782794
-0.0750252; -0.0749548
-0.0716907; -0.0716293
-0.0683563; -0.068303
-0.0650218; -0.064976
-0.0616874; -0.0616483
-0.0583529; -0.0583198
-0.0550185; -0.0549907
-0.051684; -0.051661
-0.0483496; -0.0483308
-0.0450152; -0.0449999
-0.0416807; -0.0416686
-0.0383463; -0.0383369
-0.0350118; -0.0350047
-0.0316774; -0.0316721
-0.0283429; -0.0283391
-0.0250085; -0.0250059
-0.021674; -0.0216723
-0.0183396; -0.0183386
-0.0150052; -0.0150046
-0.0116707; -0.0116704
-0.00833626; -0.00833616
-0.00500182; -0.0050018
-0.00166737; -0.00166737
0.00166707; 0.00166707
0.00500152; 0.0050015
0.00833596; 0.00833586
0.0116704; 0.0116701
0.0150049; 0.0150043
0.0183393; 0.0183383
0.0216737; 0.021672
0.0250082; 0.0250056
0.0283426; 0.0283388
0.0316771; 0.0316718
0.0350115; 0.0350044
0.038346; 0.0383366
0.0416804; 0.0416683
0.0450149; 0.0449997
0.0483493; 0.0483305
0.0516837; 0.0516607
0.0550182; 0.0549904
0.0583526; 0.0583195
0.0616871; 0.061648
0.0650215; 0.0649757
0.068356; 0.0683027
0.0716904; 0.071629
0.0750249; 0.0749545
0.0783593; 0.0782791
0.0816937; 0.0816029
0.0850282; 0.0849258
0.0883626; 0.0882477
0.0916971; 0.0915686
0.0950315; 0.0948885
0.098366; 0.0982074
0.1017; 0.101525
0.105035; 0.104842
0.108369; 0.108157
0.111704; 0.111472
0.115038; 0.114785
0.118373; 0.118096
0.121707; 0.121407
0.125042; 0.124716
0.128376; 0.128024
0.13171; 0.13133
0.135045; 0.134635
0.138379; 0.137938
0.141714; 0.14124
0.145048; 0.14454
0.148383; 0.147839
0.151717; 0.151136
0.155052; 0.154431
0.158386; 0.157725
0.16172; 0.161016
0.165055; 0.164306
0.168389; 0.167595
0.171724; 0.170881
0.175058; 0.174165
0.178393; 0.177448
0.181727; 0.180728
0.185062; 0.184007
0.188396; 0.187284
0.19173; 0.190558
0.195065; 0.19383
0.198399; 0.1971
0.201734; 0.200368
0.205068; 0.203634
0.208403; 0.206897
0.211737; 0.210159
0.215072; 0.213417
0.218406; 0.216674
0.22174; 0.219928
0.225075; 0.223179
0.228409; 0.226428
0.231744; 0.229675
0.235078; 0.232919
0.238413; 0.23616
0.241747; 0.239399
0.245082; 0.242635
0.248416; 0.245869
0.25175; 0.2491
0.255085; 0.252328
0.258419; 0.255553
0.261754; 0.258775
0.265088; 0.261994
0.268423; 0.265211
0.271757; 0.268424
0.275092; 0.271635
0.278426; 0.274843
0.28176; 0.278047
0.285095; 0.281249
0.288429; 0.284447
0.291764; 0.287642
0.295098; 0.290834
0.298433; 0.294023
0.301767; 0.297208
0.305102; 0.30039
0.308436; 0.303569
0.31177; 0.306744
0.315105; 0.309916
0.318439; 0.313085
0.321774; 0.31625
0.325108; 0.319411
0.328443; 0.322569
0.331777; 0.325724
0.335112; 0.328875
0.338446; 0.332022
0.34178; 0.335165
0.345115; 0.338305
0.348449; 0.341441
0.351784; 0.344573
0.355118; 0.347701
0.358453; 0.350826
0.361787; 0.353946
0.365122; 0.357063
0.368456; 0.360175
0.37179; 0.363284
0.375125; 0.366389
0.378459; 0.369489
0.381794; 0.372586
0.385128; 0.375678
0.388463; 0.378766
0.391797; 0.38185
0.395132; 0.38493
0.398466; 0.388005
0.4018; 0.391076
0.405135; 0.394143
0.408469; 0.397205
0.411804; 0.400263
0.415138; 0.403316
0.418473; 0.406365
0.421807; 0.40941
0.425142; 0.41245
0.428476; 0.415485
0.43181; 0.418516
0.435145; 0.421542
0.438479; 0.424563
0.441814; 0.42758
0.445148; 0.430592
0.448483; 0.433599
0.451817; 0.436601
0.455152; 0.439598
0.458486; 0.442591
0.46182; 0.445579
0.465155; 0.448561
0.468489; 0.451539
0.471824; 0.454512
0.475158; 0.457479
0.478493; 0.460442
0.481827; 0.463399
0.485162; 0.466351
0.488496; 0.469298
0.49183; 0.47224
0.495165; 0.475177
0.498499; 0.478108
0.501834; 0.481034
0.505168; 0.483955
0.508503; 0.48687
0.511837; 0.48978
0.515172; 0.492684
0.518506; 0.495583
0.52184; 0.498476
0.525175; 0.501364
0.528509; 0.504247
0.531844; 0.507123
0.535178; 0.509994
0.538513; 0.51286
0.541847; 0.515719
0.545182; 0.518573
0.548516; 0.521422
0.55185; 0.524264
0.555185; 0.5271
0.558519; 0.529931
0.561854; 0.532756
0.565188; 0.535575
0.568523; 0.538388
0.571857; 0.541195
0.575192; 0.543996
0.578526; 0.54679
0.58186; 0.549579
0.585195; 0.552362
0.588529; 0.555138
0.591864; 0.557909
0.595198; 0.560673
0.598533; 0.563431
0.601867; 0.566182
0.605202; 0.568928
0.608536; 0.571667
0.61187; 0.5744
0.615205; 0.577126
0.618539; 0.579846
0.621874; 0.582559
0.625208; 0.585266
0.628543; 0.587967
0.631877; 0.590661
0.635212; 0.593348
0.638546; 0.596029
0.64188; 0.598703
0.645215; 0.60137
0.648549; 0.604031
0.651884; 0.606685
0.655218; 0.609332
0.658553; 0.611973
0.661887; 0.614607
0.665222; 0.617233
0.668556; 0.619854
0.67189; 0.622467
0.675225; 0.625073
0.678559; 0.627672
0.681894; 0.630264
0.685228; 0.63285
0.688563; 0.635428
0.691897; 0.637999
0.695232; 0.640563
0.698566; 0.64312
0.7019; 0.64567
0.705235; 0.648213
0.708569; 0.650748
0.711904; 0.653276
0.715238; 0.655797
0.718573; 0.658311
0.721907; 0.660817
0.725242; 0.663316
0.728576; 0.665808
0.73191; 0.668292
0.735245; 0.670769
0.738579; 0.673238
0.741914; 0.6757
0.745248; 0.678154
0.748583; 0.680601
0.751917; 0.68304
0.755252; 0.685472
0.758586; 0.687896
0.76192; 0.690312
0.765255; 0.692721
0.768589; 0.695122
0.771924; 0.697515
0.775258; 0.699901
0.778593; 0.702278
0.781927; 0.704648
0.785262; 0.70701
0.788596; 0.709364
0.79193; 0.711711
0.795265; 0.714049
0.798599; 0.71638
0.801934; 0.718702
0.805268; 0.721017
0.808603; 0.723323
0.811937; 0.725622
0.815272; 0.727912
0.818606; 0.730194
0.82194; 0.732468
0.825275; 0.734734
0.828609; 0.736992
0.831944; 0.739242
0.835278; 0.741483
0.838613; 0.743716
0.841947; 0.745941
0.845282; 0.748158
0.848616; 0.750366
0.85195; 0.752566
0.855285; 0.754758
0.858619; 0.756941
0.861954; 0.759116
0.865288; 0.761282
0.868623; 0.76344
0.871957; 0.76559
0.875292; 0.76773
0.878626; 0.769863
0.88196; 0.771987
0.885295; 0.774102
0.888629; 0.776208
0.891964; 0.778306
0.895298; 0.780396
0.898633; 0.782476
0.901967; 0.784548
0.905302; 0.786611
0.908636; 0.788666
0.91197; 0.790712
0.915305; 0.792749
0.918639; 0.794777
0.921974; 0.796796
0.925308; 0.798806
0.928643; 0.800808
0.931977; 0.8028
0.935312; 0.804784
0.938646; 0.806759
0.94198; 0.808725
0.945315; 0.810681
0.948649; 0.812629
0.951984; 0.814568
0.955318; 0.816498
0.958653; 0.818418
0.961987; 0.82033
0.965322; 0.822232
0.968656; 0.824125
0.97199; 0.826009
0.975325; 0.827884
0.978659; 0.82975
0.981994; 0.831606
0.985328; 0.833454
0.988663; 0.835291
0.991997; 0.83712
0.995332; 0.838939
0.998666; 0.84075
1.002; 0.84255
1.00533; 0.844341
1.00867; 0.846123
1.012; 0.847896
1.01534; 0.849659
1.01867; 0.851413
1.02201; 0.853157
1.02534; 0.854891
1.02868; 0.856617
1.03201; 0.858332
1.03534; 0.860038
1.03868; 0.861735
1.04201; 0.863422
1.04535; 0.865099
1.04868; 0.866767
1.05202; 0.868425
1.05535; 0.870074
1.05869; 0.871712
1.06202; 0.873342
1.06535; 0.874961
1.06869; 0.87657
1.07202; 0.87817
1.07536; 0.879761
1.07869; 0.881341
1.08203; 0.882911
1.08536; 0.884472
1.0887; 0.886023
1.09203; 0.887564
1.09536; 0.889095
1.0987; 0.890617
1.10203; 0.892128
1.10537; 0.893629
1.1087; 0.895121
1.11204; 0.896603
1.11537; 0.898074
1.11871; 0.899536
1.12204; 0.900988
1.12537; 0.902429
1.12871; 0.903861
1.13204; 0.905282
1.13538; 0.906694
1.13871; 0.908095
1.14205; 0.909486
1.14538; 0.910868
1.14872; 0.912239
1.15205; 0.9136
1.15538; 0.91495
1.15872; 0.916291
1.16205; 0.917621
1.16539; 0.918941
1.16872; 0.920252
1.17206; 0.921551
1.17539; 0.922841
1.17873; 0.92412
1.18206; 0.925389
1.1854; 0.926648
1.18873; 0.927896
1.19206; 0.929134
1.1954; 0.930362
1.19873; 0.931579
1.20207; 0.932786
1.2054; 0.933983
1.20874; 0.935169
1.21207; 0.936345
1.2154; 0.93751
1.21874; 0.938665
1.22207; 0.93981
1.22541; 0.940944
1.22874; 0.942068
1.23208; 0.943181
1.23541; 0.944284
1.23875; 0.945376
1.24208; 0.946458
1.24541; 0.947529
1.24875; 0.94859
1.25208; 0.94964
1.25542; 0.950679
1.25875; 0.951708
1.26209; 0.952727
1.26542; 0.953734
1.26876; 0.954732
1.27209; 0.955718
1.27542; 0.956694
1.27876; 0.957659
1.28209; 0.958614
1.28543; 0.959558
1.28876; 0.960491
1.2921; 0.961414
1.29543; 0.962326
1.29877; 0.963227
1.3021; 0.964118
1.30543; 0.964998
1.30877; 0.965867
1.3121; 0.966725
1.31544; 0.967573
1.31877; 0.96841
1.32211; 0.969236
1.32544; 0.970051
1.32878; 0.970856
1.33211; 0.97165
1.33544; 0.972432
1.33878; 0.973205
1.34211; 0.973966
1.34545; 0.974716
1.34878; 0.975456
1.35212; 0.976185
1.35545; 0.976903
1.35879; 0.97761
1.36212; 0.978306
1.36545; 0.978991
1.36879; 0.979666
1.37212; 0.980329
1.37546; 0.980982
1.37879; 0.981624
1.38213; 0.982255
1.38546; 0.982875
1.3888; 0.983484
1.39213; 0.984082
1.39547; 0.984669
1.3988; 0.985245
1.40213; 0.98581
1.40547; 0.986364
1.4088; 0.986908
1.41214; 0.98744
1.41547; 0.987961
1.41881; 0.988472
1.42214; 0.988971
1.42548; 0.989459
1.42881; 0.989937
1.43214; 0.990403
1.43548; 0.990858
1.43881; 0.991303
1.44215; 0.991736
1.44548; 0.992158
1.44882; 0.99257
1.45215; 0.99297
1.45548; 0.993359
1.45882; 0.993737
1.46215; 0.994104
1.46549; 0.99446
1.46882; 0.994805
1.47216; 0.995139
1.47549; 0.995462
1.47883; 0.995774
1.48216; 0.996074
1.48549; 0.996364
1.48883; 0.996643
1.49216; 0.99691
1.4955; 0.997166
1.49883; 0.997412
1.50217; 0.997646
1.5055; 0.997869
1.50884; 0.998081
1.51217; 0.998282
1.5155; 0.998472
1.51884; 0.998651
1.52217; 0.998818
1.52551; 0.998975
1.52884; 0.99912
1.53218; 0.999254
1.53551; 0.999378
1.53885; 0.99949
1.54218; 0.999591
1.54551; 0.99968
1.54885; 0.999759
1.55218; 0.999827
1.55552; 0.999883
1.55885; 0.999929
1.56219; 0.999963
1.56552; 0.999986
1.56886; 0.999998
1.57219; 0.999999
1.57552; 0.999989
1.57886; 0.999968
1.58219; 0.999935
1.58553; 0.999891
1.58886; 0.999837
1.5922; 0.999771
1.59553; 0.999694
1.59887; 0.999606
1.6022; 0.999507
1.60554; 0.999397
1.60887; 0.999275
1.6122; 0.999143
1.61554; 0.998999
1.61887; 0.998845
1.62221; 0.998679
1.62554; 0.998502
1.62888; 0.998314
1.63221; 0.998115
1.63555; 0.997905
1.63888; 0.997683
1.64221; 0.997451
1.64555; 0.997207
1.64888; 0.996953
1.65222; 0.996687
1.65555; 0.99641
1.65889; 0.996123
1.66222; 0.995824
1.66556; 0.995514
1.66889; 0.995193
1.67222; 0.994861
1.67556; 0.994518
1.67889; 0.994163
1.68223; 0.993798
1.68556; 0.993422
1.6889; 0.993034
1.69223; 0.992636
1.69556; 0.992226
1.6989; 0.991806
1.70223; 0.991375
1.70557; 0.990932
1.7089; 0.990478
1.71224; 0.990014
1.71557; 0.989538
1.71891; 0.989052
1.72224; 0.988554
1.72557; 0.988046
1.72891; 0.987526
1.73224; 0.986996
1.73558; 0.986454
1.73891; 0.985902
1.74225; 0.985338
1.74558; 0.984764
1.74892; 0.984179
1.75225; 0.983582
1.75558; 0.982975
1.75892; 0.982357
1.76225; 0.981728
1.76559; 0.981088
1.76892; 0.980437
1.77226; 0.979775
1.77559; 0.979103
1.77893; 0.978419
1.78226; 0.977725
1.78559; 0.977019
1.78893; 0.976303
1.79226; 0.975576
1.7956; 0.974838
1.79893; 0.97409
1.80227; 0.97333
1.8056; 0.97256
1.80894; 0.971779
1.81227; 0.970987
1.81561; 0.970184
1.81894; 0.96937
1.82227; 0.968546
1.82561; 0.967711
1.82894; 0.966865
1.83228; 0.966008
1.83561; 0.965141
1.83895; 0.964263
1.84228; 0.963374
1.84562; 0.962474
1.84895; 0.961564
1.85228; 0.960643
1.85562; 0.959712
1.85895; 0.958769
1.86229; 0.957817
1.86562; 0.956853
1.86896; 0.955879
1.87229; 0.954894
1.87563; 0.953898
1.87896; 0.952892
1.88229; 0.951876
1.88563; 0.950848
1.88896; 0.949811
1.8923; 0.948762
1.89563; 0.947703
1.89897; 0.946634
1.9023; 0.945554
1.90563; 0.944463
1.90897; 0.943362
1.9123; 0.942251
1.91564; 0.941129
1.91897; 0.939996
1.92231; 0.938854
1.92564; 0.9377
1.92898; 0.936537
1.93231; 0.935362
1.93564; 0.934178
1.93898; 0.932983
1.94231; 0.931778
1.94565; 0.930562
1.94898; 0.929336
1.95232; 0.928099
1.95565; 0.926853
1.95899; 0.925596
1.96232; 0.924329
1.96565; 0.923051
1.96899; 0.921763
1.97232; 0.920465
1.97566; 0.919157
1.97899; 0.917838
1.98233; 0.91651
1.98566; 0.915171
1.989; 0.913822
1.99233; 0.912462
1.99566; 0.911093
1.999; 0.909713
2.00233; 0.908324
2.00567; 0.906924
2.009; 0.905514
2.01234; 0.904094
2.01567; 0.902664
2.01901; 0.901224
2.02234; 0.899774
2.02568; 0.898314
2.02901; 0.896844
2.03234; 0.895364
2.03568; 0.893874
2.03901; 0.892375
2.04235; 0.890865
2.04568; 0.889345
2.04902; 0.887816
2.05235; 0.886276
2.05569; 0.884727
2.05902; 0.883168
2.06235; 0.881599
2.06569; 0.88002
2.06902; 0.878431
2.07236; 0.876833
2.07569; 0.875225
2.07903; 0.873607
2.08236; 0.87198
2.0857; 0.870343
2.08903; 0.868696
2.09236; 0.867039
2.0957; 0.865373
2.09903; 0.863697
2.10237; 0.862012
2.1057; 0.860317
2.10904; 0.858612
2.11237; 0.856898
2.11571; 0.855175
2.11904; 0.853441
2.12237; 0.851699
2.12571; 0.849947
2.12904; 0.848185
2.13238; 0.846414
2.13571; 0.844634
2.13905; 0.842844
2.14238; 0.841045
2.14571; 0.839236
2.14905; 0.837419
2.15238; 0.835592
2.15572; 0.833755
2.15905; 0.831909
2.16239; 0.830055
2.16572; 0.82819
2.16906; 0.826317
2.17239; 0.824434
2.17572; 0.822543
2.17906; 0.820642
2.18239; 0.818732
2.18573; 0.816813
2.18906; 0.814884
2.1924; 0.812947
2.19573; 0.811001
2.19907; 0.809046
2.2024; 0.807081
2.20573; 0.805108
2.20907; 0.803126
2.2124; 0.801135
2.21574; 0.799135
2.21907; 0.797126
2.22241; 0.795108
2.22574; 0.793081
2.22908; 0.791046
2.23241; 0.789001
2.23574; 0.786949
2.23908; 0.784887
2.24241; 0.782816
2.24575; 0.780737
2.24908; 0.778649
2.25242; 0.776552
2.25575; 0.774447
2.25909; 0.772334
2.26242; 0.770211
2.26575; 0.76808
2.26909; 0.765941
2.27242; 0.763793
2.27576; 0.761636
2.27909; 0.759471
2.28243; 0.757298
2.28576; 0.755116
2.2891; 0.752926
2.29243; 0.750727
2.29576; 0.74852
2.2991; 0.746305
2.30243; 0.744081
2.30577; 0.74185
2.3091; 0.739609
2.31244; 0.737361
2.31577; 0.735105
2.31911; 0.73284
2.32244; 0.730567
2.32578; 0.728286
2.32911; 0.725997
2.33244; 0.7237
2.33578; 0.721395
2.33911; 0.719082
2.34245; 0.71676
2.34578; 0.714431
2.34912; 0.712094
2.35245; 0.709749
2.35579; 0.707396
2.35912; 0.705036
2.36245; 0.702667
2.36579; 0.70029
2.36912; 0.697906
2.37246; 0.695514
2.37579; 0.693115
2.37913; 0.690707
2.38246; 0.688292
2.3858; 0.685869
2.38913; 0.683439
2.39246; 0.681001
2.3958; 0.678555
2.39913; 0.676102
2.40247; 0.673642
2.4058; 0.671174
2.40914; 0.668698
2.41247; 0.666215
2.41581; 0.663725
2.41914; 0.661227
2.42247; 0.658722
2.42581; 0.656209
2.42914; 0.65369
2.43248; 0.651163
2.43581; 0.648628
2.43915; 0.646087
2.44248; 0.643538
2.44582; 0.640983
2.44915; 0.63842
2.45248; 0.63585
2.45582; 0.633272
2.45915; 0.630688
2.46249; 0.628097
2.46582; 0.625499
2.46916; 0.622894
2.47249; 0.620282
2.47583; 0.617663
2.47916; 0.615037
2.48249; 0.612405
2.48583; 0.609765
2.48916; 0.607119
2.4925; 0.604466
2.49583; 0.601806
2.49917; 0.59914
2.5025; 0.596467
2.50584; 0.593787
2.50917; 0.591101
2.5125; 0.588408
2.51584; 0.585709
2.51917; 0.583003
2.52251; 0.580291
2.52584; 0.577572
2.52918; 0.574846
2.53251; 0.572115
2.53585; 0.569377
2.53918; 0.566632
2.54251; 0.563882
2.54585; 0.561125
2.54918; 0.558362
2.55252; 0.555593
2.55585; 0.552817
2.55919; 0.550035
2.56252; 0.547248
2.56586; 0.544454
2.56919; 0.541654
2.57252; 0.538848
2.57586; 0.536036
2.57919; 0.533218
2.58253; 0.530394
2.58586; 0.527564
2.5892; 0.524729
2.59253; 0.521887
2.59587; 0.51904
2.5992; 0.516187
2.60253; 0.513328
2.60587; 0.510464
2.6092; 0.507594
2.61254; 0.504718
2.61587; 0.501837
2.61921; 0.49895
2.62254; 0.496057
2.62587; 0.493159
2.62921; 0.490256
2.63254; 0.487347
2.63588; 0.484432
2.63921; 0.481513
2.64255; 0.478587
2.64588; 0.475657
2.64922; 0.472721
2.65255; 0.46978
2.65588; 0.466834
2.65922; 0.463883
2.66255; 0.460926
2.66589; 0.457965
2.66922; 0.454998
2.67256; 0.452026
2.67589; 0.449049
2.67923; 0.446067
2.68256; 0.44308
2.68589; 0.440089
2.68923; 0.437092
2.69256; 0.434091
2.6959; 0.431085
2.69923; 0.428073
2.70257; 0.425057
2.7059; 0.422037
2.70924; 0.419012
2.71257; 0.415982
2.7159; 0.412947
2.71924; 0.409908
2.72257; 0.406864
2.72591; 0.403816
2.72924; 0.400763
2.73258; 0.397706
2.73591; 0.394644
2.73925; 0.391579
2.74258; 0.388508
2.74592; 0.385433
2.74925; 0.382355
2.75258; 0.379271
2.75592; 0.376184
2.75925; 0.373092
2.76259; 0.369997
2.76592; 0.366897
2.76926; 0.363793
2.77259; 0.360685
2.77593; 0.357573
2.77926; 0.354457
2.78259; 0.351337
2.78593; 0.348213
2.78926; 0.345086
2.7926; 0.341954
2.79593; 0.338818
2.79927; 0.33568
2.8026; 0.332537
2.80594; 0.32939
2.80927; 0.32624
2.8126; 0.323086
2.81594; 0.319929
2.81927; 0.316768
2.82261; 0.313603
2.82594; 0.310435
2.82928; 0.307264
2.83261; 0.304089
2.83595; 0.300911
2.83928; 0.297729
2.84261; 0.294544
2.84595; 0.291356
2.84928; 0.288165
2.85262; 0.28497
2.85595; 0.281772
2.85929; 0.278571
2.86262; 0.275368
2.86596; 0.27216
2.86929; 0.26895
2.87262; 0.265737
2.87596; 0.262521
2.87929; 0.259302
2.88263; 0.256081
2.88596; 0.252856
2.8893; 0.249628
2.89263; 0.246398
2.89597; 0.243165
2.8993; 0.239929
2.90263; 0.236691
2.90597; 0.23345
2.9093; 0.230206
2.91264; 0.22696
2.91597; 0.223712
2.91931; 0.22046
2.92264; 0.217207
2.92598; 0.213951
2.92931; 0.210692
2.93264; 0.207432
2.93598; 0.204168
2.93931; 0.200903
2.94265; 0.197636
2.94598; 0.194366
2.94932; 0.191094
2.95265; 0.18782
2.95599; 0.184544
2.95932; 0.181265
2.96265; 0.177985
2.96599; 0.174703
2.96932; 0.171419
2.97266; 0.168133
2.97599; 0.164845
2.97933; 0.161555
2.98266; 0.158264
2.986; 0.154971
2.98933; 0.151675
2.99266; 0.148379
2.996; 0.14508
2.99933; 0.14178
3.00267; 0.138479
3.006; 0.135176
3.00934; 0.131871
3.01267; 0.128565
3.01601; 0.125258
3.01934; 0.121949
3.02267; 0.118638
3.02601; 0.115327
3.02934; 0.112014
3.03268; 0.1087
3.03601; 0.105385
3.03935; 0.102068
3.04268; 0.0987507
3.04602; 0.0954322
3.04935; 0.0921123
3.05268; 0.0887915
3.05602; 0.0854699
3.05935; 0.0821471
3.06269; 0.0788234
3.06602; 0.0754991
3.06936; 0.0721736
3.07269; 0.0688474
3.07603; 0.0655207
3.07936; 0.062193
3.08269; 0.0588646
3.08603; 0.0555357
3.08936; 0.0522061
3.0927; 0.0488758
3.09603; 0.0455452
3.09937; 0.0422139
3.1027; 0.0388821
3.10603; 0.0355502
3.10937; 0.0322176
3.1127; 0.0288846
3.11604; 0.0255516
3.11937; 0.022218
3.12271; 0.0188842
3.12604; 0.0155504
3.12938; 0.0122162
3.13271; 0.00888184
3.13605; 0.00554741
3.13938; 0.00221315
3.14271; -0.00112137
3.14605; -0.00445588
3.14938; -0.0077901
3.15272; -0.0111245
3.15605; -0.0144587
3.15939; -0.0177926
3.16272; -0.0211265
3.16606; -0.0244601
3.16939; -0.0277933
3.17272; -0.0311263
3.17606; -0.0344591
3.17939; -0.0377912
3.18273; -0.0411231
3.18606; -0.0444545
3.1894; -0.0477853
3.19273; -0.0511157
3.19607; -0.0544456
3.1994; -0.0577746
3.20273; -0.0611033
3.20607; -0.0644312
3.2094; -0.0677582
3.21274; -0.0710847
3.21607; -0.0744104
3.21941; -0.077735
3.22274; -0.081059
3.22608; -0.0843821
3.22941; -0.087704
3.23274; -0.0910252
3.23608; -0.0943453
3.23941; -0.0976642
3.24275; -0.100982
3.24608; -0.104299
3.24942; -0.107615
3.25275; -0.110929
3.25609; -0.114243
3.25942; -0.117554
3.26275; -0.120865
3.26609; -0.124174
3.26942; -0.127483
3.27276; -0.130789
3.27609; -0.134094
3.27943; -0.137398
3.28276; -0.1407
3.2861; -0.144
3.28943; -0.147299
3.29276; -0.150596
3.2961; -0.153892
3.29943; -0.157186
3.30277; -0.160478
3.3061; -0.163768
3.30944; -0.167057
3.31277; -0.170343
3.31611; -0.173628
3.31944; -0.176911
3.32277; -0.180192
3.32611; -0.183471
3.32944; -0.186747
3.33278; -0.190022
3.33611; -0.193295
3.33945; -0.196565
3.34278; -0.199833
3.34612; -0.2031
3.34945; -0.206363
3.35278; -0.209625
3.35612; -0.212884
3.35945; -0.216141
3.36279; -0.219395
3.36612; -0.222647
3.36946; -0.225897
3.37279; -0.229144
3.37613; -0.232388
3.37946; -0.23563
3.38279; -0.238869
3.38613; -0.242106
3.38946; -0.24534
3.3928; -0.248571
3.39613; -0.251799
3.39947; -0.255025
3.4028; -0.258248
3.40614; -0.261468
3.40947; -0.264685
3.4128; -0.267899
3.41614; -0.27111
3.41947; -0.274318
3.42281; -0.277523
3.42614; -0.280725
3.42948; -0.283924
3.43281; -0.287119
3.43615; -0.290312
3.43948; -0.293501
3.44281; -0.296687
3.44615; -0.299869
3.44948; -0.303049
3.45282; -0.306225
3.45615; -0.309397
3.45949; -0.312566
3.46282; -0.315732
3.46616; -0.318894
3.46949; -0.322053
3.47282; -0.325208
3.47616; -0.328359
3.47949; -0.331507
3.48283; -0.334651
3.48616; -0.337791
3.4895; -0.340928
3.49283; -0.344061
3.49617; -0.347189
3.4995; -0.350315
3.50283; -0.353436
3.50617; -0.356553
3.5095; -0.359666
3.51284; -0.362776
3.51617; -0.365881
3.51951; -0.368982
3.52284; -0.372079
3.52618; -0.375172
3.52951; -0.378261
3.53284; -0.381346
3.53618; -0.384426
3.53951; -0.387502
3.54285; -0.390574
3.54618; -0.393641
3.54952; -0.396704
3.55285; -0.399763
3.55619; -0.402817
3.55952; -0.405867
3.56285; -0.408912
3.56619; -0.411953
3.56952; -0.414989
3.57286; -0.41802
3.57619; -0.421047
3.57953; -0.424069
3.58286; -0.427086
3.5862; -0.430099
3.58953; -0.433107
3.59286; -0.43611
3.5962; -0.439108
3.59953; -0.442101
3.60287; -0.44509
3.6062; -0.448074
3.60954; -0.451052
3.61287; -0.454025
3.61621; -0.456994
3.61954; -0.459957
3.62287; -0.462915
3.62621; -0.465869
3.62954; -0.468816
3.63288; -0.471759
3.63621; -0.474697
3.63955; -0.477629
3.64288; -0.480555
3.64622; -0.483477
3.64955; -0.486393
3.65288; -0.489304
3.65622; -0.492209
3.65955; -0.495109
3.66289; -0.498003
3.66622; -0.500892
3.66956; -0.503775
3.67289; -0.506653
3.67623; -0.509525
3.67956; -0.512391
3.68289; -0.515252
3.68623; -0.518107
3.68956; -0.520956
3.6929; -0.523799
3.69623; -0.526637
3.69957; -0.529468
3.7029; -0.532294
3.70624; -0.535114
3.70957; -0.537928
3.7129; -0.540736
3.71624; -0.543538
3.71957; -0.546333
3.72291; -0.549123
3.72624; -0.551907
3.72958; -0.554684
3.73291; -0.557456
3.73625; -0.560221
3.73958; -0.56298
3.74291; -0.565732
3.74625; -0.568479
3.74958; -0.571219
3.75292; -0.573953
3.75625; -0.57668
3.75959; -0.579401
3.76292; -0.582115
3.76626; -0.584823
3.76959; -0.587525
3.77292; -0.59022
3.77626; -0.592908
3.77959; -0.59559
3.78293; -0.598265
3.78626; -0.600934
3.7896; -0.603596
3.79293; -0.606251
3.79627; -0.608899
3.7996; -0.611541
3.80293; -0.614176
3.80627; -0.616804
3.8096; -0.619425
3.81294; -0.622039
3.81627; -0.624647
3.81961; -0.627247
3.82294; -0.629841
3.82628; -0.632427
3.82961; -0.635006
3.83294; -0.637579
3.83628; -0.640144
3.83961; -0.642702
3.84295; -0.645253
3.84628; -0.647797
3.84962; -0.650334
3.85295; -0.652863
3.85629; -0.655385
3.85962; -0.6579
3.86295; -0.660408
3.86629; -0.662908
3.86962; -0.665401
3.87296; -0.667886
3.87629; -0.670364
3.87963; -0.672834
3.88296; -0.675298
3.8863; -0.677753
3.88963; -0.680201
3.89296; -0.682642
3.8963; -0.685074
3.89963; -0.6875
3.90297; -0.689917
3.9063; -0.692327
3.90964; -0.694729
3.91297; -0.697124
3.91631; -0.699511
3.91964; -0.70189
3.92297; -0.704261
3.92631; -0.706624
3.92964; -0.70898
3.93298; -0.711327
3.93631; -0.713667
3.93965; -0.715999
3.94298; -0.718323
3.94632; -0.720638
3.94965; -0.722946
3.95298; -0.725246
3.95632; -0.727538
3.95965; -0.729821
3.96299; -0.732097
3.96632; -0.734364
3.96966; -0.736623
3.97299; -0.738874
3.97633; -0.741117
3.97966; -0.743352
3.98299; -0.745578
3.98633; -0.747796
3.98966; -0.750005
3.993; -0.752207
3.99633; -0.7544
3.99967; -0.756584
4.003; -0.758761
4.00634; -0.760928
4.00967; -0.763088
4.013; -0.765238
4.01634; -0.76738
4.01967; -0.769514
4.02301; -0.77164
4.02634; -0.773756
4.02968; -0.775864
4.03301; -0.777964
4.03635; -0.780054
4.03968; -0.782136
4.04301; -0.78421
4.04635; -0.786274
4.04968; -0.78833
4.05302; -0.790377
4.05635; -0.792416
4.05969; -0.794445
4.06302; -0.796466
4.06636; -0.798478
4.06969; -0.800481
4.07302; -0.802475
4.07636; -0.80446
4.07969; -0.806436
4.08303; -0.808403
4.08636; -0.810362
4.0897; -0.812311
4.09303; -0.814251
4.09636; -0.816182
4.0997; -0.818104
4.10303; -0.820017
4.10637; -0.821921
4.1097; -0.823816
4.11304; -0.825702
4.11637; -0.827578
4.11971; -0.829445
4.12304; -0.831303
4.12638; -0.833152
4.12971; -0.834991
4.13304; -0.836822
4.13638; -0.838642
4.13971; -0.840454
4.14305; -0.842256
4.14638; -0.844049
4.14972; -0.845832
4.15305; -0.847606
4.15639; -0.849371
4.15972; -0.851126
4.16305; -0.852872
4.16639; -0.854608
4.16972; -0.856335
4.17306; -0.858052
4.17639; -0.85976
4.17973; -0.861458
4.18306; -0.863146
4.1864; -0.864825
4.18973; -0.866495
4.19306; -0.868154
4.1964; -0.869805
4.19973; -0.871445
4.20307; -0.873075
4.2064; -0.874696
4.20974; -0.876308
4.21307; -0.877909
4.21641; -0.879501
4.21974; -0.881083
4.22307; -0.882655
4.22641; -0.884217
4.22974; -0.88577
4.23308; -0.887313
4.23641; -0.888846
4.23975; -0.890368
4.24308; -0.891881
4.24642; -0.893384
4.24975; -0.894878
4.25308; -0.896361
4.25642; -0.897834
4.25975; -0.899297
4.26309; -0.900751
4.26642; -0.902194
4.26976; -0.903627
4.27309; -0.90505
4.27643; -0.906464
4.27976; -0.907866
4.28309; -0.909259
4.28643; -0.910642
4.28976; -0.912015
4.2931; -0.913378
4.29643; -0.91473
4.29977; -0.916072
4.3031; -0.917404
4.30644; -0.918726
4.30977; -0.920038
4.3131; -0.921339
4.31644; -0.92263
4.31977; -0.923911
4.32311; -0.925182
4.32644; -0.926442
4.32978; -0.927692
4.33311; -0.928932
4.33645; -0.930162
4.33978; -0.931381
4.34311; -0.932589
4.34645; -0.933788
4.34978; -0.934976
4.35312; -0.936153
4.35645; -0.93732
4.35979; -0.938477
4.36312; -0.939623
4.36646; -0.940759
4.36979; -0.941885
4.37312; -0.943
4.37646; -0.944104
4.37979; -0.945198
4.38313; -0.946281
4.38646; -0.947354
4.3898; -0.948417
4.39313; -0.949468
4.39647; -0.95051
4.3998; -0.951541
4.40313; -0.952561
4.40647; -0.95357
4.4098; -0.954569
4.41314; -0.955557
4.41647; -0.956535
4.41981; -0.957502
4.42314; -0.958459
4.42648; -0.959404
4.42981; -0.960339
4.43314; -0.961264
4.43648; -0.962178
4.43981; -0.963081
4.44315; -0.963973
4.44648; -0.964854
4.44982; -0.965725
4.45315; -0.966586
4.45649; -0.967435
4.45982; -0.968274
4.46315; -0.969101
4.46649; -0.969918
4.46982; -0.970725
4.47316; -0.97152
4.47649; -0.972305
4.47983; -0.973079
4.48316; -0.973842
4.4865; -0.974594
4.48983; -0.975336
4.49316; -0.976066
4.4965; -0.976786
4.49983; -0.977495
4.50317; -0.978193
4.5065; -0.97888
4.50984; -0.979556
4.51317; -0.980222
4.51651; -0.980876
4.51984; -0.98152
4.52317; -0.982152
4.52651; -0.982774
4.52984; -0.983385
4.53318; -0.983985
4.53651; -0.984573
4.53985; -0.985151
4.54318; -0.985718
4.54651; -0.986274
4.54985; -0.98682
4.55318; -0.987354
4.55652; -0.987877
4.55985; -0.988389
4.56319; -0.98889
4.56652; -0.98938
4.56986; -0.989859
4.57319; -0.990328
4.57653; -0.990785
4.57986; -0.991231
4.58319; -0.991666
4.58653; -0.99209
4.58986; -0.992503
4.5932; -0.992905
4.59653; -0.993296
4.59987; -0.993676
4.6032; -0.994045
4.60654; -0.994403
4.60987; -0.994749
4.6132; -0.995085
4.61654; -0.99541
4.61987; -0.995723
4.62321; -0.996026
4.62654; -0.996317
4.62988; -0.996598
4.63321; -0.996867
4.63655; -0.997125
4.63988; -0.997372
4.64321; -0.997608
4.64655; -0.997833
4.64988; -0.998047
4.65322; -0.99825
4.65655; -0.998442
4.65989; -0.998622
4.66322; -0.998792
4.66656; -0.99895
4.66989; -0.999097
4.67322; -0.999233
4.67656; -0.999358
4.67989; -0.999472
4.68323; -0.999575
4.68656; -0.999667
4.6899; -0.999747
4.69323; -0.999816
4.69657; -0.999875
4.6999; -0.999922
4.70323; -0.999958
4.70657; -0.999983
4.7099; -0.999997
4.71324; -1
4.71657; -0.999991
4.71991; -0.999972
4.72324; -0.999941
4.72658; -0.999899
4.72991; -0.999847
4.73324; -0.999783
4.73658; -0.999707
4.73991; -0.999621
4.74325; -0.999524
4.74658; -0.999415
4.74992; -0.999296
4.75325; -0.999165
4.75659; -0.999023
4.75992; -0.998871
4.76325; -0.998707
4.76659; -0.998532
4.76992; -0.998345
4.77326; -0.998148
4.77659; -0.99794
4.77993; -0.99772
4.78326; -0.99749
4.7866; -0.997248
4.78993; -0.996995
4.79326; -0.996731
4.7966; -0.996457
4.79993; -0.99617
4.80327; -0.995873
4.8066; -0.995565
4.80994; -0.995246
4.81327; -0.994916
4.81661; -0.994574
4.81994; -0.994222
4.82327; -0.993859
4.82661; -0.993484
4.82994; -0.993098
4.83328; -0.992702
4.83661; -0.992294
4.83995; -0.991876
4.84328; -0.991446
4.84662; -0.991005
4.84995; -0.990553
4.85328; -0.990091
4.85662; -0.989617
4.85995; -0.989132
4.86329; -0.988636
4.86662; -0.98813
4.86996; -0.987612
4.87329; -0.987083
4.87663; -0.986544
4.87996; -0.985993
4.88329; -0.985431
4.88663; -0.984859
4.88996; -0.984275
4.8933; -0.983681
4.89663; -0.983075
4.89997; -0.982459
4.9033; -0.981832
4.90664; -0.981193
4.90997; -0.980544
4.9133; -0.979884
4.91664; -0.979214
4.91997; -0.978532
4.92331; -0.977839
4.92664; -0.977136
4.92998; -0.976421
4.93331; -0.975696
4.93665; -0.97496
4.93998; -0.974213
4.94331; -0.973455
4.94665; -0.972686
4.94998; -0.971907
4.95332; -0.971117
4.95665; -0.970316
4.95999; -0.969504
4.96332; -0.968682
4.96666; -0.967848
4.96999; -0.967004
4.97332; -0.966149
4.97666; -0.965284
4.97999; -0.964407
4.98333; -0.96352
4.98666; -0.962622
4.99; -0.961714
4.99333; -0.960795
4.99667; -0.959865
5; -0.958924
